circle:circle0,id:71
circle:circle0,id:215
circle:circle0,id:54
circle:circle0,id:61
circle:circle0,id:298
circle:circle0,id:229
circle:circle0,id:81
circle:circle0,id:253
circle:circle0,id:193
circle:circle0,id:97
circle:circle0,id:264
circle:circle0,id:29
circle:circle0,id:132
circle:circle0,id:110
circle:circle0,id:163
circle:circle0,id:259
circle:circle0,id:183
circle:circle0,id:334
circle:circle0,id:245
circle:circle0,id:222
circle:circle1,id:173
circle:circle2,id:155
circle:circle2,id:99
circle:circle2,id:327
circle:circle2,id:140
circle:circle2,id:116
circle:circle2,id:147
circle:circle2,id:144
circle:circle2,id:150
circle:circle2,id:270
circle:circle3,id:51
circle:circle3,id:83
circle:circle3,id:237
circle:circle4,id:125
circle:circle4,id:344
circle:circle4,id:295
circle:circle4,id:257
circle:circle4,id:55
circle:circle4,id:122
circle:circle4,id:223
circle:circle4,id:59
circle:circle4,id:268
circle:circle4,id:280
circle:circle4,id:84
circle:circle4,id:156
circle:circle4,id:258
circle:circle4,id:236
circle:circle4,id:250
circle:circle4,id:239
circle:circle4,id:69
circle:circle5,id:23
circle:circle6,id:337
circle:circle6,id:289
circle:circle6,id:93
circle:circle6,id:17
circle:circle6,id:111
circle:circle6,id:52
circle:circle6,id:137
circle:circle6,id:343
circle:circle6,id:192
circle:circle6,id:35
circle:circle6,id:326
circle:circle6,id:310
circle:circle6,id:214
circle:circle6,id:32
circle:circle6,id:115
circle:circle6,id:321
circle:circle6,id:209
circle:circle6,id:312
circle:circle6,id:41
circle:circle6,id:20
circle:circle7,id:225
circle:circle7,id:46
circle:circle8,id:282
circle:circle9,id:336
circle:circle9,id:204
circle:circle9,id:74
circle:circle9,id:206
circle:circle9,id:292
circle:circle9,id:146
circle:circle9,id:154
circle:circle9,id:164
circle:circle9,id:279
circle:circle9,id:73
circle:circle10,id:42
circle:circle10,id:14
circle:circle10,id:216
circle:circle10,id:2
circle:circle11,id:324
circle:circle11,id:265
circle:circle11,id:54
circle:circle11,id:161
circle:circle11,id:298
circle:circle11,id:76
circle:circle11,id:165
circle:circle11,id:199
circle:circle11,id:203
circle:circle11,id:13
circle:circle11,id:66
circle:circle11,id:113
circle:circle11,id:97
circle:circle11,id:252
circle:circle11,id:313
circle:circle11,id:238
circle:circle11,id:158
circle:circle11,id:240
circle:circle11,id:331
circle:circle11,id:332
circle:circle11,id:134
circle:circle11,id:218
circle:circle11,id:118
circle:circle11,id:235
circle:circle11,id:311
circle:circle11,id:151
circle:circle11,id:308
circle:circle11,id:212
circle:circle11,id:70
circle:circle11,id:211
circle:circle12,id:278
circle:circle13,id:138
circle:circle13,id:131
circle:circle13,id:68
circle:circle13,id:143
circle:circle13,id:86
circle:circle14,id:175
circle:circle14,id:227
circle:circle15,id:108
circle:circle15,id:208
circle:circle15,id:251
circle:circle15,id:125
circle:circle15,id:325
circle:circle15,id:176
circle:circle15,id:133
circle:circle15,id:276
circle:circle15,id:198
circle:circle15,id:271
circle:circle15,id:288
circle:circle15,id:316
circle:circle15,id:96
circle:circle15,id:246
circle:circle15,id:347
circle:circle15,id:121
circle:circle15,id:7
circle:circle15,id:3
circle:circle15,id:170
circle:circle15,id:323
circle:circle15,id:56
circle:circle15,id:338
circle:circle15,id:23
circle:circle15,id:109
circle:circle15,id:141
circle:circle15,id:67
circle:circle15,id:345
circle:circle15,id:55
circle:circle15,id:114
circle:circle15,id:122
circle:circle15,id:50
circle:circle15,id:304
circle:circle15,id:318
circle:circle15,id:65
circle:circle15,id:15
circle:circle15,id:45
circle:circle15,id:317
circle:circle15,id:322
circle:circle15,id:26
circle:circle15,id:31
circle:circle15,id:168
circle:circle15,id:124
circle:circle15,id:285
circle:circle15,id:255
circle:circle15,id:129
circle:circle15,id:40
circle:circle15,id:172
circle:circle15,id:274
circle:circle15,id:95
circle:circle15,id:207
circle:circle15,id:128
circle:circle15,id:339
circle:circle15,id:233
circle:circle15,id:1
circle:circle15,id:294
circle:circle15,id:280
circle:circle15,id:224
circle:circle15,id:269
circle:circle15,id:256
circle:circle15,id:60
circle:circle15,id:328
circle:circle15,id:189
circle:circle15,id:146
circle:circle15,id:77
circle:circle15,id:196
circle:circle15,id:64
circle:circle15,id:286
circle:circle15,id:89
circle:circle15,id:22
circle:circle15,id:39
circle:circle15,id:190
circle:circle15,id:281
circle:circle15,id:117
circle:circle15,id:38
circle:circle15,id:213
circle:circle15,id:135
circle:circle15,id:197
circle:circle15,id:291
circle:circle15,id:21
circle:circle15,id:315
circle:circle15,id:261
circle:circle15,id:47
circle:circle15,id:36
circle:circle15,id:186
circle:circle15,id:169
circle:circle15,id:342
circle:circle15,id:49
circle:circle15,id:9
circle:circle15,id:16
circle:circle15,id:185
circle:circle15,id:219
circle:circle15,id:123
circle:circle15,id:72
circle:circle15,id:309
circle:circle15,id:103
circle:circle15,id:157
circle:circle15,id:277
circle:circle15,id:105
circle:circle15,id:139
circle:circle15,id:148
circle:circle15,id:248
circle:circle15,id:341
circle:circle15,id:62
circle:circle15,id:98
circle:circle15,id:63
circle:circle15,id:297
circle:circle15,id:242
circle:circle15,id:10
circle:circle15,id:152
circle:circle15,id:236
circle:circle15,id:308
circle:circle15,id:82
circle:circle15,id:87
circle:circle15,id:136
circle:circle15,id:200
circle:circle15,id:183
circle:circle15,id:247
circle:circle15,id:290
circle:circle15,id:303
circle:circle15,id:319
circle:circle15,id:6
circle:circle15,id:314
circle:circle15,id:104
circle:circle15,id:127
circle:circle15,id:25
circle:circle15,id:69
circle:circle15,id:171
circle:circle15,id:119
circle:circle15,id:79
circle:circle15,id:340
circle:circle15,id:301
circle:circle15,id:188
circle:circle15,id:142
circle:circle16,id:251
circle:circle16,id:94
circle:circle16,id:330
circle:circle16,id:5
circle:circle16,id:34
circle:circle16,id:299
circle:circle16,id:254
circle:circle16,id:24
circle:circle16,id:180
circle:circle16,id:194
circle:circle16,id:281
circle:circle16,id:101
circle:circle16,id:266
circle:circle16,id:135
circle:circle16,id:197
circle:circle16,id:173
circle:circle16,id:36
circle:circle16,id:9
circle:circle16,id:85
circle:circle16,id:57
circle:circle16,id:37
circle:circle16,id:258
circle:circle16,id:309
circle:circle16,id:80
circle:circle16,id:139
circle:circle16,id:202
circle:circle16,id:187
circle:circle16,id:249
circle:circle16,id:58
circle:circle16,id:127
circle:circle16,id:48
circle:circle16,id:92
circle:circle17,id:90
circle:circle17,id:52
circle:circle17,id:172
circle:circle17,id:126
circle:circle17,id:294
circle:circle17,id:179
circle:circle17,id:145
circle:circle17,id:105
circle:circle17,id:210
circle:circle18,id:177
circle:circle19,id:93
circle:circle19,id:33
circle:circle19,id:333
circle:circle19,id:17
circle:circle19,id:137
circle:circle19,id:44
circle:circle19,id:343
circle:circle19,id:326
circle:circle19,id:214
circle:circle19,id:115
circle:circle19,id:312
circle:circle19,id:41
circle:circle19,id:20
circle:circle20,id:244
circle:circle20,id:282
circle:circle20,id:262
circle:circle20,id:293
circle:circle20,id:220
circle:circle20,id:174
circle:circle21,id:12
circle:circle22,id:267
circle:circle23,id:28
circle:circle23,id:149
circle:circle23,id:162
