user_0_circle:circle0,id:71
user_0_circle:circle0,id:215
user_0_circle:circle0,id:54
user_0_circle:circle0,id:61
user_0_circle:circle0,id:298
user_0_circle:circle0,id:229
user_0_circle:circle0,id:81
user_0_circle:circle0,id:253
user_0_circle:circle0,id:193
user_0_circle:circle0,id:97
user_0_circle:circle0,id:264
user_0_circle:circle0,id:29
user_0_circle:circle0,id:132
user_0_circle:circle0,id:110
user_0_circle:circle0,id:163
user_0_circle:circle0,id:259
user_0_circle:circle0,id:183
user_0_circle:circle0,id:334
user_0_circle:circle0,id:245
user_0_circle:circle0,id:222
user_0_circle:circle1,id:173
user_0_circle:circle2,id:155
user_0_circle:circle2,id:99
user_0_circle:circle2,id:327
user_0_circle:circle2,id:140
user_0_circle:circle2,id:116
user_0_circle:circle2,id:147
user_0_circle:circle2,id:144
user_0_circle:circle2,id:150
user_0_circle:circle2,id:270
user_0_circle:circle3,id:51
user_0_circle:circle3,id:83
user_0_circle:circle3,id:237
user_0_circle:circle4,id:125
user_0_circle:circle4,id:344
user_0_circle:circle4,id:295
user_0_circle:circle4,id:257
user_0_circle:circle4,id:55
user_0_circle:circle4,id:122
user_0_circle:circle4,id:223
user_0_circle:circle4,id:59
user_0_circle:circle4,id:268
user_0_circle:circle4,id:280
user_0_circle:circle4,id:84
user_0_circle:circle4,id:156
user_0_circle:circle4,id:258
user_0_circle:circle4,id:236
user_0_circle:circle4,id:250
user_0_circle:circle4,id:239
user_0_circle:circle4,id:69
user_0_circle:circle5,id:23
user_0_circle:circle6,id:337
user_0_circle:circle6,id:289
user_0_circle:circle6,id:93
user_0_circle:circle6,id:17
user_0_circle:circle6,id:111
user_0_circle:circle6,id:52
user_0_circle:circle6,id:137
user_0_circle:circle6,id:343
user_0_circle:circle6,id:192
user_0_circle:circle6,id:35
user_0_circle:circle6,id:326
user_0_circle:circle6,id:310
user_0_circle:circle6,id:214
user_0_circle:circle6,id:32
user_0_circle:circle6,id:115
user_0_circle:circle6,id:321
user_0_circle:circle6,id:209
user_0_circle:circle6,id:312
user_0_circle:circle6,id:41
user_0_circle:circle6,id:20
user_0_circle:circle7,id:225
user_0_circle:circle7,id:46
user_0_circle:circle8,id:282
user_0_circle:circle9,id:336
user_0_circle:circle9,id:204
user_0_circle:circle9,id:74
user_0_circle:circle9,id:206
user_0_circle:circle9,id:292
user_0_circle:circle9,id:146
user_0_circle:circle9,id:154
user_0_circle:circle9,id:164
user_0_circle:circle9,id:279
user_0_circle:circle9,id:73
user_0_circle:circle10,id:42
user_0_circle:circle10,id:14
user_0_circle:circle10,id:216
user_0_circle:circle10,id:2
user_0_circle:circle11,id:324
user_0_circle:circle11,id:265
user_0_circle:circle11,id:54
user_0_circle:circle11,id:161
user_0_circle:circle11,id:298
user_0_circle:circle11,id:76
user_0_circle:circle11,id:165
user_0_circle:circle11,id:199
user_0_circle:circle11,id:203
user_0_circle:circle11,id:13
user_0_circle:circle11,id:66
user_0_circle:circle11,id:113
user_0_circle:circle11,id:97
user_0_circle:circle11,id:252
user_0_circle:circle11,id:313
user_0_circle:circle11,id:238
user_0_circle:circle11,id:158
user_0_circle:circle11,id:240
user_0_circle:circle11,id:331
user_0_circle:circle11,id:332
user_0_circle:circle11,id:134
user_0_circle:circle11,id:218
user_0_circle:circle11,id:118
user_0_circle:circle11,id:235
user_0_circle:circle11,id:311
user_0_circle:circle11,id:151
user_0_circle:circle11,id:308
user_0_circle:circle11,id:212
user_0_circle:circle11,id:70
user_0_circle:circle11,id:211
user_0_circle:circle12,id:278
user_0_circle:circle13,id:138
user_0_circle:circle13,id:131
user_0_circle:circle13,id:68
user_0_circle:circle13,id:143
user_0_circle:circle13,id:86
user_0_circle:circle14,id:175
user_0_circle:circle14,id:227
user_0_circle:circle15,id:108
user_0_circle:circle15,id:208
user_0_circle:circle15,id:251
user_0_circle:circle15,id:125
user_0_circle:circle15,id:325
user_0_circle:circle15,id:176
user_0_circle:circle15,id:133
user_0_circle:circle15,id:276
user_0_circle:circle15,id:198
user_0_circle:circle15,id:271
user_0_circle:circle15,id:288
user_0_circle:circle15,id:316
user_0_circle:circle15,id:96
user_0_circle:circle15,id:246
user_0_circle:circle15,id:347
user_0_circle:circle15,id:121
user_0_circle:circle15,id:7
user_0_circle:circle15,id:3
user_0_circle:circle15,id:170
user_0_circle:circle15,id:323
user_0_circle:circle15,id:56
user_0_circle:circle15,id:338
user_0_circle:circle15,id:23
user_0_circle:circle15,id:109
user_0_circle:circle15,id:141
user_0_circle:circle15,id:67
user_0_circle:circle15,id:345
user_0_circle:circle15,id:55
user_0_circle:circle15,id:114
user_0_circle:circle15,id:122
user_0_circle:circle15,id:50
user_0_circle:circle15,id:304
user_0_circle:circle15,id:318
user_0_circle:circle15,id:65
user_0_circle:circle15,id:15
user_0_circle:circle15,id:45
user_0_circle:circle15,id:317
user_0_circle:circle15,id:322
user_0_circle:circle15,id:26
user_0_circle:circle15,id:31
user_0_circle:circle15,id:168
user_0_circle:circle15,id:124
user_0_circle:circle15,id:285
user_0_circle:circle15,id:255
user_0_circle:circle15,id:129
user_0_circle:circle15,id:40
user_0_circle:circle15,id:172
user_0_circle:circle15,id:274
user_0_circle:circle15,id:95
user_0_circle:circle15,id:207
user_0_circle:circle15,id:128
user_0_circle:circle15,id:339
user_0_circle:circle15,id:233
user_0_circle:circle15,id:1
user_0_circle:circle15,id:294
user_0_circle:circle15,id:280
user_0_circle:circle15,id:224
user_0_circle:circle15,id:269
user_0_circle:circle15,id:256
user_0_circle:circle15,id:60
user_0_circle:circle15,id:328
user_0_circle:circle15,id:189
user_0_circle:circle15,id:146
user_0_circle:circle15,id:77
user_0_circle:circle15,id:196
user_0_circle:circle15,id:64
user_0_circle:circle15,id:286
user_0_circle:circle15,id:89
user_0_circle:circle15,id:22
user_0_circle:circle15,id:39
user_0_circle:circle15,id:190
user_0_circle:circle15,id:281
user_0_circle:circle15,id:117
user_0_circle:circle15,id:38
user_0_circle:circle15,id:213
user_0_circle:circle15,id:135
user_0_circle:circle15,id:197
user_0_circle:circle15,id:291
user_0_circle:circle15,id:21
user_0_circle:circle15,id:315
user_0_circle:circle15,id:261
user_0_circle:circle15,id:47
user_0_circle:circle15,id:36
user_0_circle:circle15,id:186
user_0_circle:circle15,id:169
user_0_circle:circle15,id:342
user_0_circle:circle15,id:49
user_0_circle:circle15,id:9
user_0_circle:circle15,id:16
user_0_circle:circle15,id:185
user_0_circle:circle15,id:219
user_0_circle:circle15,id:123
user_0_circle:circle15,id:72
user_0_circle:circle15,id:309
user_0_circle:circle15,id:103
user_0_circle:circle15,id:157
user_0_circle:circle15,id:277
user_0_circle:circle15,id:105
user_0_circle:circle15,id:139
user_0_circle:circle15,id:148
user_0_circle:circle15,id:248
user_0_circle:circle15,id:341
user_0_circle:circle15,id:62
user_0_circle:circle15,id:98
user_0_circle:circle15,id:63
user_0_circle:circle15,id:297
user_0_circle:circle15,id:242
user_0_circle:circle15,id:10
user_0_circle:circle15,id:152
user_0_circle:circle15,id:236
user_0_circle:circle15,id:308
user_0_circle:circle15,id:82
user_0_circle:circle15,id:87
user_0_circle:circle15,id:136
user_0_circle:circle15,id:200
user_0_circle:circle15,id:183
user_0_circle:circle15,id:247
user_0_circle:circle15,id:290
user_0_circle:circle15,id:303
user_0_circle:circle15,id:319
user_0_circle:circle15,id:6
user_0_circle:circle15,id:314
user_0_circle:circle15,id:104
user_0_circle:circle15,id:127
user_0_circle:circle15,id:25
user_0_circle:circle15,id:69
user_0_circle:circle15,id:171
user_0_circle:circle15,id:119
user_0_circle:circle15,id:79
user_0_circle:circle15,id:340
user_0_circle:circle15,id:301
user_0_circle:circle15,id:188
user_0_circle:circle15,id:142
user_0_circle:circle16,id:251
user_0_circle:circle16,id:94
user_0_circle:circle16,id:330
user_0_circle:circle16,id:5
user_0_circle:circle16,id:34
user_0_circle:circle16,id:299
user_0_circle:circle16,id:254
user_0_circle:circle16,id:24
user_0_circle:circle16,id:180
user_0_circle:circle16,id:194
user_0_circle:circle16,id:281
user_0_circle:circle16,id:101
user_0_circle:circle16,id:266
user_0_circle:circle16,id:135
user_0_circle:circle16,id:197
user_0_circle:circle16,id:173
user_0_circle:circle16,id:36
user_0_circle:circle16,id:9
user_0_circle:circle16,id:85
user_0_circle:circle16,id:57
user_0_circle:circle16,id:37
user_0_circle:circle16,id:258
user_0_circle:circle16,id:309
user_0_circle:circle16,id:80
user_0_circle:circle16,id:139
user_0_circle:circle16,id:202
user_0_circle:circle16,id:187
user_0_circle:circle16,id:249
user_0_circle:circle16,id:58
user_0_circle:circle16,id:127
user_0_circle:circle16,id:48
user_0_circle:circle16,id:92
user_0_circle:circle17,id:90
user_0_circle:circle17,id:52
user_0_circle:circle17,id:172
user_0_circle:circle17,id:126
user_0_circle:circle17,id:294
user_0_circle:circle17,id:179
user_0_circle:circle17,id:145
user_0_circle:circle17,id:105
user_0_circle:circle17,id:210
user_0_circle:circle18,id:177
user_0_circle:circle19,id:93
user_0_circle:circle19,id:33
user_0_circle:circle19,id:333
user_0_circle:circle19,id:17
user_0_circle:circle19,id:137
user_0_circle:circle19,id:44
user_0_circle:circle19,id:343
user_0_circle:circle19,id:326
user_0_circle:circle19,id:214
user_0_circle:circle19,id:115
user_0_circle:circle19,id:312
user_0_circle:circle19,id:41
user_0_circle:circle19,id:20
user_0_circle:circle20,id:244
user_0_circle:circle20,id:282
user_0_circle:circle20,id:262
user_0_circle:circle20,id:293
user_0_circle:circle20,id:220
user_0_circle:circle20,id:174
user_0_circle:circle21,id:12
user_0_circle:circle22,id:267
user_0_circle:circle23,id:28
user_0_circle:circle23,id:149
user_0_circle:circle23,id:162
user_107_circle:circle0,id:1043
user_107_circle:circle0,id:1045
user_107_circle:circle0,id:1030
user_107_circle:circle0,id:1252
user_107_circle:circle0,id:1254
user_107_circle:circle0,id:1368
user_107_circle:circle0,id:1197
user_107_circle:circle0,id:955
user_107_circle:circle0,id:1111
user_107_circle:circle0,id:1384
user_107_circle:circle1,id:1410
user_107_circle:circle1,id:1144
user_107_circle:circle1,id:950
user_107_circle:circle1,id:1385
user_107_circle:circle1,id:1174
user_107_circle:circle1,id:1087
user_107_circle:circle1,id:563
user_107_circle:circle1,id:1684
user_107_circle:circle1,id:1676
user_107_circle:circle1,id:1555
user_107_circle:circle1,id:1549
user_107_circle:circle1,id:389
user_107_circle:circle1,id:1013
user_107_circle:circle1,id:1251
user_107_circle:circle1,id:1031
user_107_circle:circle1,id:1421
user_107_circle:circle2,id:1469
user_107_circle:circle2,id:1504
user_107_circle:circle2,id:1727
user_107_circle:circle2,id:1183
user_107_circle:circle2,id:1052
user_107_circle:circle2,id:1807
user_107_circle:circle2,id:913
user_107_circle:circle2,id:1263
user_107_circle:circle2,id:1690
user_107_circle:circle2,id:1035
user_107_circle:circle2,id:1531
user_107_circle:circle2,id:1699
user_107_circle:circle2,id:1444
user_107_circle:circle2,id:1738
user_107_circle:circle2,id:1745
user_107_circle:circle2,id:1760
user_107_circle:circle2,id:1429
user_107_circle:circle2,id:987
user_107_circle:circle2,id:1542
user_107_circle:circle3,id:1320
user_107_circle:circle3,id:1616
user_107_circle:circle3,id:1025
user_107_circle:circle3,id:976
user_107_circle:circle3,id:651
user_107_circle:circle3,id:1237
user_107_circle:circle3,id:1223
user_107_circle:circle3,id:566
user_107_circle:circle3,id:1881
user_107_circle:circle3,id:1080
user_107_circle:circle3,id:0
user_107_circle:circle3,id:1142
user_107_circle:circle3,id:517
user_107_circle:circle3,id:1155
user_107_circle:circle3,id:1408
user_107_circle:circle3,id:563
user_107_circle:circle3,id:1692
user_107_circle:circle3,id:1684
user_107_circle:circle3,id:914
user_107_circle:circle3,id:348
user_107_circle:circle3,id:915
user_107_circle:circle3,id:420
user_107_circle:circle3,id:363
user_107_circle:circle3,id:1487
user_107_circle:circle3,id:606
user_107_circle:circle3,id:1766
user_107_circle:circle3,id:1549
user_107_circle:circle3,id:366
user_107_circle:circle3,id:1113
user_107_circle:circle3,id:1679
user_107_circle:circle3,id:1882
user_107_circle:circle3,id:428
user_107_circle:circle3,id:58
user_107_circle:circle3,id:1114
user_107_circle:circle3,id:1574
user_107_circle:circle3,id:1332
user_107_circle:circle3,id:1387
user_107_circle:circle3,id:1767
user_107_circle:circle3,id:1179
user_107_circle:circle4,id:1177
user_107_circle:circle4,id:1896
user_107_circle:circle4,id:1053
user_107_circle:circle4,id:1138
user_107_circle:circle4,id:1057
user_107_circle:circle4,id:1403
user_107_circle:circle4,id:979
user_107_circle:circle4,id:1016
user_107_circle:circle4,id:1664
user_107_circle:circle4,id:1607
user_107_circle:circle5,id:1231
user_107_circle:circle5,id:1060
user_107_circle:circle5,id:1727
user_107_circle:circle5,id:1099
user_107_circle:circle5,id:1227
user_107_circle:circle5,id:1158
user_107_circle:circle5,id:1891
user_107_circle:circle5,id:1635
user_107_circle:circle5,id:1423
user_107_circle:circle5,id:1691
user_107_circle:circle5,id:1120
user_107_circle:circle5,id:1413
user_107_circle:circle5,id:1115
user_107_circle:circle5,id:1215
user_107_circle:circle5,id:1436
user_107_circle:circle5,id:1899
user_107_circle:circle5,id:1143
user_107_circle:circle5,id:1381
user_107_circle:circle5,id:1682
user_107_circle:circle5,id:1257
user_107_circle:circle5,id:1872
user_107_circle:circle5,id:1036
user_107_circle:circle5,id:1018
user_107_circle:circle5,id:1875
user_107_circle:circle5,id:1379
user_107_circle:circle5,id:1418
user_107_circle:circle5,id:1859
user_107_circle:circle5,id:1261
user_107_circle:circle5,id:1636
user_107_circle:circle5,id:1828
user_107_circle:circle5,id:1808
user_107_circle:circle5,id:1448
user_107_circle:circle5,id:1591
user_107_circle:circle5,id:971
user_107_circle:circle5,id:1515
user_107_circle:circle5,id:1848
user_107_circle:circle5,id:1015
user_107_circle:circle6,id:526
user_107_circle:circle6,id:1539
user_107_circle:circle6,id:1579
user_107_circle:circle6,id:1642
user_107_circle:circle6,id:1852
user_107_circle:circle6,id:1317
user_107_circle:circle6,id:1585
user_107_circle:circle6,id:1736
user_107_circle:circle6,id:1554
user_107_circle:circle6,id:1603
user_107_circle:circle6,id:1572
user_107_circle:circle6,id:946
user_107_circle:circle6,id:1553
user_107_circle:circle6,id:1191
user_107_circle:circle6,id:1666
user_107_circle:circle6,id:1547
user_107_circle:circle6,id:1288
user_107_circle:circle6,id:1494
user_107_circle:circle6,id:929
user_107_circle:circle6,id:1722
user_107_circle:circle6,id:990
user_107_circle:circle6,id:1329
user_107_circle:circle6,id:1050
user_107_circle:circle6,id:1048
user_107_circle:circle6,id:1805
user_107_circle:circle6,id:1182
user_107_circle:circle6,id:1799
user_107_circle:circle6,id:983
user_107_circle:circle6,id:1195
user_107_circle:circle6,id:1594
user_107_circle:circle6,id:1144
user_107_circle:circle6,id:1092
user_107_circle:circle6,id:1112
user_107_circle:circle6,id:927
user_107_circle:circle6,id:925
user_107_circle:circle6,id:1600
user_107_circle:circle6,id:1146
user_107_circle:circle6,id:1597
user_107_circle:circle6,id:1584
user_107_circle:circle6,id:1851
user_107_circle:circle6,id:1198
user_107_circle:circle6,id:1435
user_107_circle:circle6,id:1619
user_107_circle:circle6,id:1181
user_107_circle:circle6,id:1184
user_107_circle:circle6,id:1107
user_107_circle:circle6,id:1724
user_107_circle:circle6,id:1845
user_107_circle:circle6,id:950
user_107_circle:circle6,id:1344
user_107_circle:circle6,id:1523
user_107_circle:circle6,id:1054
user_107_circle:circle6,id:1836
user_107_circle:circle6,id:1140
user_107_circle:circle6,id:1593
user_107_circle:circle6,id:1827
user_107_circle:circle6,id:1752
user_107_circle:circle6,id:1522
user_107_circle:circle6,id:1708
user_107_circle:circle6,id:1367
user_107_circle:circle6,id:1377
user_107_circle:circle6,id:1608
user_107_circle:circle6,id:1519
user_107_circle:circle6,id:1116
user_107_circle:circle6,id:1126
user_107_circle:circle6,id:1641
user_107_circle:circle6,id:1842
user_107_circle:circle6,id:1726
user_107_circle:circle6,id:1174
user_107_circle:circle6,id:1026
user_107_circle:circle6,id:1088
user_107_circle:circle6,id:1087
user_107_circle:circle6,id:1219
user_107_circle:circle6,id:952
user_107_circle:circle6,id:1073
user_107_circle:circle6,id:1398
user_107_circle:circle6,id:1735
user_107_circle:circle6,id:980
user_107_circle:circle6,id:1447
user_107_circle:circle6,id:951
user_107_circle:circle6,id:1620
user_107_circle:circle6,id:1823
user_107_circle:circle6,id:1132
user_107_circle:circle6,id:1039
user_107_circle:circle6,id:1272
user_107_circle:circle6,id:1789
user_107_circle:circle6,id:1678
user_107_circle:circle6,id:1613
user_107_circle:circle6,id:1612
user_107_circle:circle6,id:1361
user_107_circle:circle6,id:1411
user_107_circle:circle6,id:1761
user_107_circle:circle6,id:1793
user_107_circle:circle6,id:1669
user_107_circle:circle6,id:1172
user_107_circle:circle6,id:1135
user_107_circle:circle6,id:1886
user_107_circle:circle6,id:1557
user_107_circle:circle6,id:1098
user_107_circle:circle6,id:1819
user_107_circle:circle6,id:1540
user_107_circle:circle6,id:1480
user_107_circle:circle6,id:1750
user_107_circle:circle6,id:967
user_107_circle:circle6,id:1321
user_107_circle:circle6,id:1391
user_107_circle:circle6,id:1034
user_107_circle:circle6,id:1422
user_107_circle:circle6,id:1902
user_107_circle:circle6,id:1049
user_107_circle:circle6,id:1477
user_107_circle:circle6,id:982
user_107_circle:circle6,id:1151
user_107_circle:circle6,id:1161
user_107_circle:circle6,id:1029
user_107_circle:circle6,id:1561
user_107_circle:circle6,id:1271
user_107_circle:circle6,id:1484
user_107_circle:circle6,id:1559
user_107_circle:circle6,id:1178
user_107_circle:circle6,id:1697
user_107_circle:circle6,id:1791
user_107_circle:circle6,id:1683
user_107_circle:circle6,id:1101
user_107_circle:circle6,id:947
user_107_circle:circle6,id:1803
user_107_circle:circle6,id:978
user_107_circle:circle6,id:1517
user_107_circle:circle6,id:1588
user_107_circle:circle6,id:1817
user_107_circle:circle6,id:1293
user_107_circle:circle6,id:1008
user_107_circle:circle6,id:1684
user_107_circle:circle6,id:1509
user_107_circle:circle6,id:1653
user_107_circle:circle6,id:1278
user_107_circle:circle6,id:1710
user_107_circle:circle6,id:961
user_107_circle:circle6,id:1637
user_107_circle:circle6,id:922
user_107_circle:circle6,id:1242
user_107_circle:circle6,id:920
user_107_circle:circle6,id:1753
user_107_circle:circle6,id:1846
user_107_circle:circle6,id:1290
user_107_circle:circle6,id:1058
user_107_circle:circle6,id:1795
user_107_circle:circle6,id:1470
user_107_circle:circle6,id:1076
user_107_circle:circle6,id:934
user_107_circle:circle6,id:1250
user_107_circle:circle6,id:1676
user_107_circle:circle6,id:1617
user_107_circle:circle6,id:1351
user_107_circle:circle6,id:1614
user_107_circle:circle6,id:1883
user_107_circle:circle6,id:1369
user_107_circle:circle6,id:1700
user_107_circle:circle6,id:991
user_107_circle:circle6,id:1719
user_107_circle:circle6,id:1535
user_107_circle:circle6,id:1746
user_107_circle:circle6,id:921
user_107_circle:circle6,id:1352
user_107_circle:circle6,id:1441
user_107_circle:circle6,id:1405
user_107_circle:circle6,id:1376
user_107_circle:circle6,id:1555
user_107_circle:circle6,id:1460
user_107_circle:circle6,id:1123
user_107_circle:circle6,id:1416
user_107_circle:circle6,id:1467
user_107_circle:circle6,id:1644
user_107_circle:circle6,id:1843
user_107_circle:circle6,id:1079
user_107_circle:circle6,id:1006
user_107_circle:circle6,id:1074
user_107_circle:circle6,id:1513
user_107_circle:circle6,id:1792
user_107_circle:circle6,id:1449
user_107_circle:circle6,id:1450
user_107_circle:circle6,id:1085
user_107_circle:circle6,id:1458
user_107_circle:circle6,id:1305
user_107_circle:circle6,id:966
user_107_circle:circle6,id:1128
user_107_circle:circle6,id:1774
user_107_circle:circle6,id:1867
user_107_circle:circle6,id:1757
user_107_circle:circle6,id:1380
user_107_circle:circle6,id:414
user_107_circle:circle6,id:1888
user_107_circle:circle6,id:1730
user_107_circle:circle6,id:1420
user_107_circle:circle6,id:1758
user_107_circle:circle6,id:1145
user_107_circle:circle6,id:1086
user_107_circle:circle6,id:1485
user_107_circle:circle6,id:1149
user_107_circle:circle6,id:1737
user_107_circle:circle6,id:1800
user_107_circle:circle6,id:1675
user_107_circle:circle6,id:1003
user_107_circle:circle6,id:1714
user_107_circle:circle6,id:1056
user_107_circle:circle6,id:916
user_107_circle:circle6,id:996
user_107_circle:circle6,id:1075
user_107_circle:circle6,id:1769
user_107_circle:circle6,id:1589
user_107_circle:circle6,id:1796
user_107_circle:circle6,id:1238
user_107_circle:circle6,id:1431
user_107_circle:circle6,id:1124
user_107_circle:circle6,id:1471
user_107_circle:circle6,id:1330
user_107_circle:circle6,id:1702
user_107_circle:circle6,id:1668
user_107_circle:circle6,id:1721
user_107_circle:circle6,id:906
user_107_circle:circle6,id:1544
user_107_circle:circle6,id:1610
user_107_circle:circle6,id:1390
user_107_circle:circle6,id:1084
user_107_circle:circle6,id:1243
user_107_circle:circle6,id:1865
user_107_circle:circle6,id:1863
user_107_circle:circle6,id:1765
user_107_circle:circle6,id:1521
user_107_circle:circle6,id:1201
user_107_circle:circle6,id:926
user_107_circle:circle6,id:1534
user_107_circle:circle6,id:1701
user_107_circle:circle6,id:1698
user_107_circle:circle6,id:1532
user_107_circle:circle6,id:1402
user_107_circle:circle6,id:1663
user_107_circle:circle6,id:1360
user_107_circle:circle6,id:1809
user_107_circle:circle6,id:1301
user_107_circle:circle6,id:1528
user_107_circle:circle6,id:1211
user_107_circle:circle6,id:1209
user_107_circle:circle6,id:1900
user_107_circle:circle6,id:1365
user_107_circle:circle6,id:1835
user_107_circle:circle6,id:1291
user_107_circle:circle6,id:1652
user_107_circle:circle6,id:1689
user_107_circle:circle6,id:1813
user_107_circle:circle6,id:1838
user_107_circle:circle6,id:1505
user_107_circle:circle6,id:1089
user_107_circle:circle6,id:1165
user_107_circle:circle6,id:1524
user_107_circle:circle6,id:1445
user_107_circle:circle6,id:1283
user_107_circle:circle6,id:1659
user_107_circle:circle6,id:1312
user_107_circle:circle6,id:1214
user_107_circle:circle6,id:1623
user_107_circle:circle6,id:1622
user_107_circle:circle6,id:1327
user_107_circle:circle6,id:1267
user_107_circle:circle6,id:1269
user_107_circle:circle6,id:923
user_107_circle:circle6,id:1580
user_107_circle:circle6,id:1816
user_107_circle:circle6,id:1779
user_107_circle:circle6,id:1251
user_107_circle:circle6,id:1197
user_107_circle:circle6,id:1861
user_107_circle:circle6,id:1558
user_107_circle:circle6,id:1193
user_107_circle:circle6,id:1017
user_107_circle:circle6,id:1375
user_107_circle:circle6,id:1068
user_107_circle:circle6,id:1643
user_107_circle:circle6,id:1055
user_107_circle:circle6,id:1069
user_107_circle:circle6,id:1516
user_107_circle:circle6,id:1877
user_107_circle:circle6,id:1639
user_107_circle:circle6,id:1811
user_107_circle:circle6,id:1491
user_107_circle:circle6,id:1520
user_107_circle:circle6,id:1328
user_107_circle:circle6,id:1551
user_107_circle:circle6,id:1031
user_107_circle:circle6,id:1717
user_107_circle:circle6,id:1028
user_107_circle:circle6,id:1833
user_107_circle:circle6,id:1688
user_107_circle:circle6,id:1421
user_107_circle:circle6,id:1059
user_107_circle:circle6,id:1563
user_107_circle:circle6,id:1626
user_107_circle:circle6,id:1564
user_107_circle:circle6,id:1537
user_107_circle:circle6,id:1723
user_107_circle:circle6,id:1265
user_107_circle:circle6,id:908
user_107_circle:circle6,id:1110
user_107_circle:circle6,id:1339
user_107_circle:circle6,id:1384
user_107_circle:circle6,id:1334
user_107_circle:circle6,id:1621
user_107_circle:circle6,id:1077
user_107_circle:circle7,id:1658
user_107_circle:circle7,id:1001
user_107_circle:circle7,id:968
user_107_circle:circle7,id:1337
user_107_circle:circle7,id:1897
user_107_circle:circle7,id:1439
user_107_circle:circle7,id:1395
user_107_circle:circle7,id:1562
user_107_circle:circle7,id:922
user_107_circle:circle7,id:1821
user_107_circle:circle7,id:1133
user_107_circle:circle7,id:1814
user_107_circle:circle7,id:912
user_107_circle:circle7,id:1442
user_107_circle:circle7,id:1038
user_107_circle:circle7,id:1769
user_107_circle:circle7,id:1618
user_107_circle:circle7,id:1657
user_107_circle:circle7,id:1062
user_107_circle:circle7,id:1818
user_107_circle:circle7,id:1301
user_107_circle:circle7,id:1012
user_107_circle:circle7,id:1885
user_107_circle:circle7,id:899
user_107_circle:circle7,id:1780
user_107_circle:circle7,id:908
user_107_circle:circle7,id:1262
user_107_circle:circle8,id:1097
user_107_circle:circle8,id:938
user_107_circle:circle8,id:1137
user_107_circle:circle8,id:1118
user_107_circle:circle8,id:1319
user_107_circle:circle8,id:1747
user_107_circle:circle8,id:903
user_107_circle:circle8,id:1548
user_107_circle:circle8,id:1424
user_107_circle:circle8,id:1533
user_107_circle:circle8,id:1468
user_107_circle:circle8,id:1733
user_107_circle:circle8,id:1568
user_107_circle:circle8,id:992
user_107_circle:circle8,id:1378
user_107_circle:circle8,id:1232
user_107_circle:circle8,id:1798
user_107_circle:circle8,id:1363
user_107_circle:circle8,id:958
user_107_circle:circle8,id:963
user_107_circle:circle8,id:1784
user_107_circle:circle8,id:910
user_107_circle:circle8,id:1186
user_107_circle:circle8,id:1837
user_107_circle:circle8,id:1371
user_107_circle:circle8,id:1895
user_107_circle:circle8,id:1216
user_107_circle:circle8,id:1601
user_107_circle:circle8,id:1787
user_107_circle:circle8,id:901
user_107_circle:circle8,id:1880
user_107_circle:circle8,id:1629
user_107_circle:circle8,id:1452
user_107_circle:circle8,id:1333
user_107_circle:circle8,id:1314
user_1684_circle:circle0,id:2900
user_1684_circle:circle0,id:3077
user_1684_circle:circle0,id:2934
user_1684_circle:circle0,id:3186
user_1684_circle:circle0,id:2870
user_1684_circle:circle0,id:3162
user_1684_circle:circle0,id:3207
user_1684_circle:circle0,id:2947
user_1684_circle:circle0,id:3001
user_1684_circle:circle0,id:3118
user_1684_circle:circle0,id:3177
user_1684_circle:circle0,id:3410
user_1684_circle:circle0,id:2990
user_1684_circle:circle0,id:2860
user_1684_circle:circle0,id:3420
user_1684_circle:circle0,id:3176
user_1684_circle:circle0,id:3356
user_1684_circle:circle0,id:2775
user_1684_circle:circle0,id:2739
user_1684_circle:circle0,id:3371
user_1684_circle:circle0,id:3191
user_1684_circle:circle0,id:2696
user_1684_circle:circle0,id:3018
user_1684_circle:circle0,id:2724
user_1684_circle:circle0,id:2728
user_1684_circle:circle0,id:3007
user_1684_circle:circle0,id:3068
user_1684_circle:circle0,id:3412
user_1684_circle:circle0,id:2711
user_1684_circle:circle0,id:3019
user_1684_circle:circle0,id:2951
user_1684_circle:circle0,id:2737
user_1684_circle:circle0,id:2892
user_1684_circle:circle0,id:3002
user_1684_circle:circle0,id:3366
user_1684_circle:circle0,id:2830
user_1684_circle:circle0,id:3223
user_1684_circle:circle0,id:1405
user_1684_circle:circle0,id:2779
user_1684_circle:circle0,id:3379
user_1684_circle:circle0,id:2962
user_1684_circle:circle0,id:2662
user_1684_circle:circle0,id:2682
user_1684_circle:circle0,id:3415
user_1684_circle:circle0,id:3295
user_1684_circle:circle0,id:2829
user_1684_circle:circle0,id:2820
user_1684_circle:circle0,id:3334
user_1684_circle:circle0,id:3210
user_1684_circle:circle0,id:3103
user_1684_circle:circle0,id:2713
user_1684_circle:circle0,id:2671
user_1684_circle:circle0,id:3285
user_1684_circle:circle0,id:3069
user_1684_circle:circle0,id:3086
user_1684_circle:circle0,id:3244
user_1684_circle:circle0,id:3273
user_1684_circle:circle0,id:2995
user_1684_circle:circle0,id:3154
user_1684_circle:circle0,id:3100
user_1684_circle:circle0,id:3246
user_1684_circle:circle0,id:2845
user_1684_circle:circle0,id:3203
user_1684_circle:circle0,id:3346
user_1684_circle:circle0,id:3359
user_1684_circle:circle0,id:3168
user_1684_circle:circle0,id:3233
user_1684_circle:circle0,id:2697
user_1684_circle:circle0,id:3062
user_1684_circle:circle0,id:3241
user_1684_circle:circle1,id:860
user_1684_circle:circle1,id:2885
user_1684_circle:circle1,id:2814
user_1684_circle:circle1,id:2717
user_1684_circle:circle1,id:2838
user_1684_circle:circle1,id:2740
user_1684_circle:circle1,id:2704
user_1684_circle:circle1,id:3003
user_1684_circle:circle1,id:58
user_1684_circle:circle1,id:3290
user_1684_circle:circle1,id:171
user_1684_circle:circle2,id:2785
user_1684_circle:circle2,id:3175
user_1684_circle:circle2,id:3111
user_1684_circle:circle2,id:2849
user_1684_circle:circle2,id:2708
user_1684_circle:circle2,id:3013
user_1684_circle:circle2,id:3272
user_1684_circle:circle2,id:3224
user_1684_circle:circle2,id:2992
user_1684_circle:circle2,id:3079
user_1684_circle:circle2,id:3386
user_1684_circle:circle2,id:2904
user_1684_circle:circle2,id:2797
user_1684_circle:circle2,id:3360
user_1684_circle:circle2,id:2833
user_1684_circle:circle2,id:2778
user_1684_circle:circle2,id:2875
user_1684_circle:circle2,id:3422
user_1684_circle:circle2,id:3434
user_1684_circle:circle2,id:2869
user_1684_circle:circle2,id:2720
user_1684_circle:circle2,id:3396
user_1684_circle:circle2,id:3206
user_1684_circle:circle2,id:2793
user_1684_circle:circle2,id:3145
user_1684_circle:circle2,id:3101
user_1684_circle:circle2,id:3194
user_1684_circle:circle2,id:3291
user_1684_circle:circle2,id:3046
user_1684_circle:circle2,id:3316
user_1684_circle:circle2,id:3116
user_1684_circle:circle2,id:2881
user_1684_circle:circle2,id:3039
user_1684_circle:circle2,id:2684
user_1684_circle:circle2,id:3005
user_1684_circle:circle2,id:3297
user_1684_circle:circle2,id:3017
user_1684_circle:circle2,id:3403
user_1684_circle:circle2,id:3146
user_1684_circle:circle2,id:3021
user_1684_circle:circle2,id:3252
user_1684_circle:circle2,id:3247
user_1684_circle:circle2,id:3299
user_1684_circle:circle2,id:3188
user_1684_circle:circle2,id:2863
user_1684_circle:circle2,id:2973
user_1684_circle:circle2,id:3060
user_1684_circle:circle2,id:3355
user_1684_circle:circle2,id:3115
user_1684_circle:circle2,id:3391
user_1684_circle:circle2,id:3262
user_1684_circle:circle2,id:3306
user_1684_circle:circle2,id:2716
user_1684_circle:circle2,id:2672
user_1684_circle:circle2,id:3204
user_1684_circle:circle2,id:3152
user_1684_circle:circle2,id:3179
user_1684_circle:circle2,id:3411
user_1684_circle:circle2,id:3381
user_1684_circle:circle2,id:2936
user_1684_circle:circle2,id:3170
user_1684_circle:circle2,id:3201
user_1684_circle:circle2,id:3367
user_1684_circle:circle2,id:3192
user_1684_circle:circle2,id:3051
user_1684_circle:circle2,id:3209
user_1684_circle:circle2,id:2989
user_1684_circle:circle2,id:3254
user_1684_circle:circle2,id:2753
user_1684_circle:circle2,id:3280
user_1684_circle:circle2,id:2765
user_1684_circle:circle2,id:3287
user_1684_circle:circle2,id:3106
user_1684_circle:circle2,id:3344
user_1684_circle:circle2,id:2733
user_1684_circle:circle2,id:2901
user_1684_circle:circle2,id:3313
user_1684_circle:circle2,id:2783
user_1684_circle:circle2,id:2846
user_1684_circle:circle2,id:3350
user_1684_circle:circle2,id:3198
user_1684_circle:circle2,id:3197
user_1684_circle:circle2,id:2742
user_1684_circle:circle2,id:3298
user_1684_circle:circle2,id:3239
user_1684_circle:circle2,id:3288
user_1684_circle:circle2,id:3352
user_1684_circle:circle2,id:3419
user_1684_circle:circle2,id:3109
user_1684_circle:circle2,id:3058
user_1684_circle:circle2,id:3321
user_1684_circle:circle2,id:2970
user_1684_circle:circle2,id:3172
user_1684_circle:circle2,id:3132
user_1684_circle:circle2,id:2976
user_1684_circle:circle2,id:3112
user_1684_circle:circle2,id:3281
user_1684_circle:circle2,id:3038
user_1684_circle:circle2,id:3332
user_1684_circle:circle2,id:3353
user_1684_circle:circle2,id:3182
user_1684_circle:circle2,id:3082
user_1684_circle:circle2,id:3267
user_1684_circle:circle2,id:3320
user_1684_circle:circle2,id:3397
user_1684_circle:circle2,id:3212
user_1684_circle:circle2,id:3225
user_1684_circle:circle2,id:3049
user_1684_circle:circle2,id:3185
user_1684_circle:circle2,id:3240
user_1684_circle:circle2,id:3076
user_1684_circle:circle2,id:2965
user_1684_circle:circle2,id:2687
user_1684_circle:circle2,id:3102
user_1684_circle:circle2,id:3274
user_1684_circle:circle2,id:2674
user_1684_circle:circle2,id:2840
user_1684_circle:circle2,id:3011
user_1684_circle:circle2,id:2894
user_1684_circle:circle2,id:3120
user_1684_circle:circle2,id:3406
user_1684_circle:circle2,id:3113
user_1684_circle:circle2,id:2770
user_1684_circle:circle2,id:2719
user_1684_circle:circle2,id:2991
user_1684_circle:circle2,id:3041
user_1684_circle:circle2,id:2937
user_1684_circle:circle2,id:3260
user_1684_circle:circle2,id:2701
user_1684_circle:circle2,id:3378
user_1684_circle:circle2,id:3347
user_1684_circle:circle2,id:3296
user_1684_circle:circle2,id:2828
user_1684_circle:circle2,id:2661
user_1684_circle:circle2,id:3089
user_1684_circle:circle2,id:3357
user_1684_circle:circle2,id:3070
user_1684_circle:circle2,id:3261
user_1684_circle:circle2,id:2748
user_1684_circle:circle2,id:3351
user_1684_circle:circle2,id:3377
user_1684_circle:circle2,id:3345
user_1684_circle:circle2,id:3169
user_1684_circle:circle2,id:3035
user_1684_circle:circle2,id:3416
user_1684_circle:circle2,id:2780
user_1684_circle:circle2,id:3150
user_1684_circle:circle2,id:3148
user_1684_circle:circle2,id:3016
user_1684_circle:circle2,id:3277
user_1684_circle:circle2,id:2939
user_1684_circle:circle2,id:2796
user_1684_circle:circle2,id:3265
user_1684_circle:circle3,id:2694
user_1684_circle:circle3,id:2787
user_1684_circle:circle4,id:3006
user_1684_circle:circle4,id:2767
user_1684_circle:circle4,id:2722
user_1684_circle:circle4,id:2964
user_1684_circle:circle4,id:3401
user_1684_circle:circle4,id:2707
user_1684_circle:circle4,id:3270
user_1684_circle:circle4,id:2808
user_1684_circle:circle4,id:3338
user_1684_circle:circle4,id:2926
user_1684_circle:circle4,id:3376
user_1684_circle:circle4,id:2842
user_1684_circle:circle4,id:2975
user_1684_circle:circle4,id:3408
user_1684_circle:circle4,id:2857
user_1684_circle:circle4,id:3425
user_1684_circle:circle4,id:3427
user_1684_circle:circle4,id:3421
user_1684_circle:circle4,id:3121
user_1684_circle:circle4,id:2980
user_1684_circle:circle4,id:3157
user_1684_circle:circle4,id:3370
user_1684_circle:circle4,id:3094
user_1684_circle:circle4,id:3133
user_1684_circle:circle4,id:3328
user_1684_circle:circle4,id:3159
user_1684_circle:circle4,id:3402
user_1684_circle:circle4,id:3031
user_1684_circle:circle4,id:3429
user_1684_circle:circle5,id:2893
user_1684_circle:circle5,id:2858
user_1684_circle:circle5,id:2736
user_1684_circle:circle5,id:2762
user_1684_circle:circle5,id:2841
user_1684_circle:circle5,id:3221
user_1684_circle:circle5,id:3389
user_1684_circle:circle5,id:3327
user_1684_circle:circle5,id:3248
user_1684_circle:circle5,id:2804
user_1684_circle:circle5,id:3190
user_1684_circle:circle5,id:2771
user_1684_circle:circle5,id:2954
user_1684_circle:circle5,id:2781
user_1684_circle:circle5,id:3424
user_1684_circle:circle5,id:3214
user_1684_circle:circle5,id:2898
user_1684_circle:circle5,id:3383
user_1684_circle:circle5,id:2836
user_1684_circle:circle5,id:3275
user_1684_circle:circle6,id:3028
user_1684_circle:circle6,id:3368
user_1684_circle:circle6,id:2714
user_1684_circle:circle6,id:3155
user_1684_circle:circle6,id:3063
user_1684_circle:circle6,id:2933
user_1684_circle:circle6,id:3012
user_1684_circle:circle6,id:2805
user_1684_circle:circle6,id:2983
user_1684_circle:circle6,id:2922
user_1684_circle:circle6,id:2997
user_1684_circle:circle6,id:2935
user_1684_circle:circle7,id:3167
user_1684_circle:circle7,id:2921
user_1684_circle:circle7,id:3236
user_1684_circle:circle7,id:3048
user_1684_circle:circle7,id:2758
user_1684_circle:circle7,id:2747
user_1684_circle:circle7,id:3393
user_1684_circle:circle7,id:3323
user_1684_circle:circle7,id:3256
user_1684_circle:circle7,id:2878
user_1684_circle:circle7,id:2795
user_1684_circle:circle7,id:3050
user_1684_circle:circle7,id:3196
user_1684_circle:circle7,id:2675
user_1684_circle:circle7,id:3156
user_1684_circle:circle7,id:3107
user_1684_circle:circle7,id:2918
user_1684_circle:circle7,id:1726
user_1684_circle:circle7,id:2996
user_1684_circle:circle7,id:2955
user_1684_circle:circle7,id:3136
user_1684_circle:circle7,id:2831
user_1684_circle:circle7,id:2816
user_1684_circle:circle7,id:3369
user_1684_circle:circle7,id:2723
user_1684_circle:circle7,id:3027
user_1684_circle:circle7,id:3279
user_1684_circle:circle7,id:2950
user_1684_circle:circle7,id:3337
user_1684_circle:circle7,id:3380
user_1684_circle:circle7,id:3043
user_1684_circle:circle7,id:3307
user_1684_circle:circle7,id:2844
user_1684_circle:circle7,id:3276
user_1684_circle:circle7,id:3253
user_1684_circle:circle7,id:3409
user_1684_circle:circle7,id:3404
user_1684_circle:circle7,id:3075
user_1684_circle:circle7,id:3067
user_1684_circle:circle7,id:2865
user_1684_circle:circle7,id:3151
user_1684_circle:circle7,id:3249
user_1684_circle:circle7,id:2843
user_1684_circle:circle7,id:2772
user_1684_circle:circle7,id:2751
user_1684_circle:circle7,id:2686
user_1684_circle:circle7,id:2932
user_1684_circle:circle7,id:2718
user_1684_circle:circle7,id:3358
user_1684_circle:circle7,id:2730
user_1684_circle:circle7,id:3171
user_1684_circle:circle7,id:3032
user_1684_circle:circle7,id:3365
user_1684_circle:circle7,id:3312
user_1684_circle:circle7,id:2744
user_1684_circle:circle7,id:3134
user_1684_circle:circle7,id:3140
user_1684_circle:circle7,id:3199
user_1684_circle:circle7,id:2702
user_1684_circle:circle7,id:3385
user_1684_circle:circle7,id:3093
user_1684_circle:circle7,id:3418
user_1684_circle:circle7,id:2715
user_1684_circle:circle7,id:3264
user_1684_circle:circle7,id:2768
user_1684_circle:circle7,id:2665
user_1684_circle:circle7,id:2871
user_1684_circle:circle7,id:2801
user_1684_circle:circle7,id:2984
user_1684_circle:circle7,id:3189
user_1684_circle:circle7,id:2914
user_1684_circle:circle7,id:2825
user_1684_circle:circle7,id:3160
user_1684_circle:circle7,id:3144
user_1684_circle:circle7,id:2668
user_1684_circle:circle7,id:3087
user_1684_circle:circle7,id:3187
user_1684_circle:circle7,id:3255
user_1684_circle:circle7,id:2780
user_1684_circle:circle7,id:3219
user_1684_circle:circle7,id:3395
user_1684_circle:circle7,id:3326
user_1684_circle:circle7,id:3124
user_1684_circle:circle8,id:2941
user_1684_circle:circle8,id:1642
user_1684_circle:circle8,id:3329
user_1684_circle:circle8,id:1666
user_1684_circle:circle8,id:2727
user_1684_circle:circle8,id:990
user_1684_circle:circle8,id:3072
user_1684_circle:circle8,id:2734
user_1684_circle:circle8,id:3057
user_1684_circle:circle8,id:2700
user_1684_circle:circle8,id:3242
user_1684_circle:circle8,id:3342
user_1684_circle:circle8,id:2895
user_1684_circle:circle8,id:3407
user_1684_circle:circle8,id:2678
user_1684_circle:circle8,id:3164
user_1684_circle:circle8,id:107
user_1684_circle:circle8,id:3024
user_1684_circle:circle8,id:1726
user_1684_circle:circle8,id:3302
user_1684_circle:circle8,id:2688
user_1684_circle:circle8,id:3263
user_1684_circle:circle8,id:3373
user_1684_circle:circle8,id:3099
user_1684_circle:circle8,id:1656
user_1684_circle:circle8,id:2791
user_1684_circle:circle8,id:3097
user_1684_circle:circle8,id:2667
user_1684_circle:circle8,id:2859
user_1684_circle:circle8,id:2822
user_1684_circle:circle8,id:2690
user_1684_circle:circle8,id:3340
user_1684_circle:circle8,id:2848
user_1684_circle:circle8,id:3161
user_1684_circle:circle8,id:3431
user_1684_circle:circle8,id:3349
user_1684_circle:circle8,id:3278
user_1684_circle:circle8,id:2802
user_1684_circle:circle8,id:3020
user_1684_circle:circle8,id:2784
user_1684_circle:circle8,id:3215
user_1684_circle:circle8,id:2764
user_1684_circle:circle8,id:2813
user_1684_circle:circle8,id:3178
user_1684_circle:circle8,id:2971
user_1684_circle:circle8,id:3015
user_1684_circle:circle8,id:2677
user_1684_circle:circle8,id:2968
user_1684_circle:circle8,id:3330
user_1684_circle:circle8,id:2752
user_1684_circle:circle8,id:1450
user_1684_circle:circle8,id:2883
user_1684_circle:circle8,id:3331
user_1684_circle:circle8,id:2998
user_1684_circle:circle8,id:1758
user_1684_circle:circle8,id:3375
user_1684_circle:circle8,id:3374
user_1684_circle:circle8,id:2958
user_1684_circle:circle8,id:3211
user_1684_circle:circle8,id:2826
user_1684_circle:circle8,id:2803
user_1684_circle:circle8,id:2999
user_1684_circle:circle8,id:3110
user_1684_circle:circle8,id:3222
user_1684_circle:circle8,id:2868
user_1684_circle:circle8,id:1419
user_1684_circle:circle8,id:2693
user_1684_circle:circle8,id:3009
user_1684_circle:circle8,id:3319
user_1684_circle:circle8,id:1534
user_1684_circle:circle8,id:3305
user_1684_circle:circle8,id:3165
user_1684_circle:circle8,id:3011
user_1684_circle:circle8,id:3432
user_1684_circle:circle8,id:2818
user_1684_circle:circle8,id:3088
user_1684_circle:circle8,id:3245
user_1684_circle:circle8,id:2903
user_1684_circle:circle8,id:2760
user_1684_circle:circle8,id:3343
user_1684_circle:circle8,id:1505
user_1684_circle:circle8,id:2847
user_1684_circle:circle8,id:2819
user_1684_circle:circle8,id:2876
user_1684_circle:circle8,id:2735
user_1684_circle:circle8,id:2923
user_1684_circle:circle8,id:3258
user_1684_circle:circle8,id:2812
user_1684_circle:circle8,id:2882
user_1684_circle:circle8,id:3138
user_1684_circle:circle8,id:3230
user_1684_circle:circle8,id:3292
user_1684_circle:circle8,id:3335
user_1684_circle:circle8,id:2780
user_1684_circle:circle8,id:3205
user_1684_circle:circle8,id:2790
user_1684_circle:circle8,id:2856
user_1684_circle:circle8,id:3361
user_1684_circle:circle9,id:3105
user_1684_circle:circle9,id:3141
user_1684_circle:circle9,id:2902
user_1684_circle:circle9,id:3354
user_1684_circle:circle9,id:3053
user_1684_circle:circle9,id:3271
user_1684_circle:circle9,id:2930
user_1684_circle:circle9,id:3131
user_1684_circle:circle9,id:3216
user_1684_circle:circle9,id:3251
user_1684_circle:circle9,id:3181
user_1684_circle:circle9,id:3372
user_1684_circle:circle9,id:2732
user_1684_circle:circle9,id:3200
user_1684_circle:circle9,id:2788
user_1684_circle:circle9,id:3180
user_1684_circle:circle9,id:3122
user_1684_circle:circle9,id:2799
user_1684_circle:circle9,id:2861
user_1684_circle:circle9,id:2776
user_1684_circle:circle9,id:3218
user_1684_circle:circle10,id:3173
user_1684_circle:circle10,id:2915
user_1684_circle:circle10,id:2866
user_1684_circle:circle11,id:2972
user_1684_circle:circle11,id:2889
user_1684_circle:circle11,id:3311
user_1684_circle:circle11,id:2982
user_1684_circle:circle11,id:2699
user_1684_circle:circle11,id:3309
user_1684_circle:circle11,id:3283
user_1684_circle:circle11,id:2670
user_1684_circle:circle11,id:3314
user_1684_circle:circle11,id:3325
user_1684_circle:circle11,id:2879
user_1684_circle:circle11,id:3423
user_1684_circle:circle11,id:2834
user_1684_circle:circle11,id:2703
user_1684_circle:circle11,id:3318
user_1684_circle:circle11,id:2959
user_1684_circle:circle11,id:3382
user_1684_circle:circle11,id:3008
user_1684_circle:circle12,id:2979
user_1684_circle:circle12,id:3071
user_1684_circle:circle12,id:3328
user_1684_circle:circle13,id:3061
user_1684_circle:circle13,id:3081
user_1684_circle:circle13,id:3398
user_1684_circle:circle13,id:3405
user_1684_circle:circle13,id:2957
user_1684_circle:circle13,id:3308
user_1684_circle:circle13,id:3011
user_1684_circle:circle13,id:2685
user_1684_circle:circle13,id:3266
user_1684_circle:circle14,id:2777
user_1684_circle:circle14,id:3294
user_1684_circle:circle14,id:2754
user_1684_circle:circle14,id:2729
user_1684_circle:circle14,id:2676
user_1684_circle:circle14,id:2794
user_1684_circle:circle14,id:2766
user_1684_circle:circle14,id:3227
user_1684_circle:circle14,id:2906
user_1684_circle:circle14,id:2809
user_1684_circle:circle14,id:2759
user_1684_circle:circle14,id:2773
user_1684_circle:circle14,id:3137
user_1684_circle:circle14,id:3220
user_1684_circle:circle14,id:2905
user_1684_circle:circle14,id:2862
user_1684_circle:circle14,id:2948
user_1684_circle:circle14,id:3193
user_1684_circle:circle14,id:3114
user_1684_circle:circle14,id:3084
user_1684_circle:circle14,id:3384
user_1684_circle:circle14,id:2698
user_1684_circle:circle14,id:2749
user_1684_circle:circle14,id:2757
user_1684_circle:circle14,id:2931
user_1684_circle:circle14,id:2994
user_1684_circle:circle14,id:3303
user_1684_circle:circle14,id:3142
user_1684_circle:circle14,id:2666
user_1684_circle:circle14,id:3104
user_1684_circle:circle14,id:3392
user_1684_circle:circle14,id:3228
user_1684_circle:circle14,id:3250
user_1684_circle:circle14,id:3243
user_1684_circle:circle14,id:3085
user_1684_circle:circle14,id:2663
user_1684_circle:circle14,id:3362
user_1684_circle:circle14,id:2907
user_1684_circle:circle14,id:2731
user_1684_circle:circle14,id:2890
user_1684_circle:circle14,id:2851
user_1684_circle:circle14,id:2815
user_1684_circle:circle14,id:2827
user_1684_circle:circle14,id:3339
user_1684_circle:circle14,id:2680
user_1684_circle:circle14,id:2706
user_1684_circle:circle14,id:2669
user_1684_circle:circle14,id:3095
user_1684_circle:circle14,id:2837
user_1684_circle:circle14,id:3348
user_1684_circle:circle14,id:3026
user_1684_circle:circle14,id:2908
user_1684_circle:circle14,id:2925
user_1684_circle:circle14,id:3300
user_1684_circle:circle14,id:2987
user_1684_circle:circle14,id:2741
user_1684_circle:circle14,id:3010
user_1684_circle:circle14,id:3153
user_1684_circle:circle14,id:3213
user_1684_circle:circle14,id:2888
user_1684_circle:circle14,id:3044
user_1684_circle:circle14,id:2726
user_1684_circle:circle14,id:3045
user_1684_circle:circle14,id:2944
user_1684_circle:circle14,id:2806
user_1684_circle:circle14,id:2943
user_1684_circle:circle14,id:2689
user_1684_circle:circle14,id:3414
user_1684_circle:circle14,id:3184
user_1684_circle:circle14,id:3387
user_1684_circle:circle14,id:2874
user_1684_circle:circle14,id:2769
user_1684_circle:circle14,id:2873
user_1684_circle:circle14,id:3399
user_1684_circle:circle14,id:3014
user_1684_circle:circle14,id:3388
user_1684_circle:circle14,id:3195
user_1684_circle:circle14,id:3108
user_1684_circle:circle14,id:3363
user_1684_circle:circle14,id:3435
user_1684_circle:circle14,id:2920
user_1684_circle:circle14,id:2867
user_1684_circle:circle14,id:3119
user_1684_circle:circle14,id:2807
user_1684_circle:circle14,id:3123
user_1684_circle:circle14,id:2899
user_1684_circle:circle14,id:3158
user_1684_circle:circle14,id:2961
user_1684_circle:circle14,id:3033
user_1684_circle:circle14,id:3394
user_1684_circle:circle14,id:2877
user_1684_circle:circle14,id:2927
user_1684_circle:circle14,id:2928
user_1684_circle:circle14,id:3056
user_1684_circle:circle14,id:3135
user_1684_circle:circle14,id:2755
user_1684_circle:circle14,id:3428
user_1684_circle:circle14,id:3430
user_1684_circle:circle14,id:3029
user_1684_circle:circle14,id:3400
user_1684_circle:circle14,id:2940
user_1684_circle:circle14,id:2695
user_1684_circle:circle14,id:3237
user_1684_circle:circle14,id:3301
user_1684_circle:circle14,id:2953
user_1684_circle:circle14,id:2864
user_1684_circle:circle14,id:3293
user_1684_circle:circle14,id:2952
user_1684_circle:circle14,id:2956
user_1684_circle:circle14,id:3234
user_1684_circle:circle14,id:2850
user_1684_circle:circle14,id:3417
user_1684_circle:circle14,id:3129
user_1684_circle:circle14,id:2909
user_1684_circle:circle14,id:2763
user_1684_circle:circle14,id:2854
user_1684_circle:circle14,id:2681
user_1684_circle:circle14,id:2966
user_1684_circle:circle14,id:3143
user_1684_circle:circle14,id:2821
user_1684_circle:circle14,id:2738
user_1684_circle:circle14,id:2705
user_1684_circle:circle14,id:2896
user_1684_circle:circle14,id:2756
user_1684_circle:circle14,id:3436
user_1684_circle:circle14,id:2945
user_1684_circle:circle14,id:2832
user_1684_circle:circle14,id:2786
user_1684_circle:circle14,id:2985
user_1684_circle:circle14,id:3040
user_1684_circle:circle14,id:2800
user_1684_circle:circle14,id:2911
user_1684_circle:circle14,id:2839
user_1684_circle:circle14,id:2743
user_1684_circle:circle14,id:2884
user_1684_circle:circle14,id:3364
user_1684_circle:circle14,id:3117
user_1684_circle:circle14,id:3042
user_1684_circle:circle14,id:3231
user_1684_circle:circle14,id:2761
user_1684_circle:circle14,id:3324
user_1684_circle:circle14,id:3286
user_1684_circle:circle14,id:3092
user_1684_circle:circle14,id:3000
user_1684_circle:circle14,id:3090
user_1684_circle:circle14,id:2978
user_1684_circle:circle14,id:2750
user_1684_circle:circle14,id:2872
user_1684_circle:circle14,id:2897
user_1684_circle:circle14,id:3163
user_1684_circle:circle14,id:2694
user_1684_circle:circle14,id:2835
user_1684_circle:circle14,id:2683
user_1684_circle:circle14,id:3202
user_1684_circle:circle14,id:2852
user_1684_circle:circle14,id:2673
user_1684_circle:circle14,id:3078
user_1684_circle:circle14,id:3052
user_1684_circle:circle14,id:3183
user_1684_circle:circle14,id:2887
user_1684_circle:circle14,id:2988
user_1684_circle:circle14,id:3226
user_1684_circle:circle14,id:2912
user_1684_circle:circle14,id:2782
user_1684_circle:circle14,id:3333
user_1684_circle:circle14,id:2853
user_1684_circle:circle14,id:3055
user_1684_circle:circle14,id:2810
user_1684_circle:circle14,id:3257
user_1684_circle:circle14,id:3269
user_1684_circle:circle14,id:3098
user_1684_circle:circle14,id:2969
user_1684_circle:circle14,id:2746
user_1684_circle:circle14,id:2880
user_1684_circle:circle14,id:2910
user_1684_circle:circle14,id:3174
user_1684_circle:circle14,id:2913
user_1684_circle:circle14,id:3390
user_1684_circle:circle14,id:3030
user_1684_circle:circle14,id:2917
user_1684_circle:circle14,id:3232
user_1684_circle:circle14,id:2993
user_1684_circle:circle14,id:2946
user_1684_circle:circle14,id:3315
user_1684_circle:circle14,id:3064
user_1684_circle:circle14,id:3065
user_1684_circle:circle14,id:3004
user_1684_circle:circle14,id:2789
user_1684_circle:circle14,id:3023
user_1684_circle:circle14,id:3139
user_1684_circle:circle14,id:3080
user_1684_circle:circle14,id:3229
user_1684_circle:circle14,id:3317
user_1684_circle:circle14,id:3073
user_1684_circle:circle14,id:2974
user_1684_circle:circle14,id:2710
user_1684_circle:circle14,id:2798
user_1684_circle:circle14,id:3238
user_1684_circle:circle14,id:3304
user_1684_circle:circle14,id:3166
user_1684_circle:circle14,id:2679
user_1684_circle:circle14,id:3096
user_1684_circle:circle14,id:3433
user_1684_circle:circle14,id:2745
user_1684_circle:circle14,id:3284
user_1684_circle:circle14,id:2929
user_1684_circle:circle14,id:2960
user_1684_circle:circle14,id:2981
user_1684_circle:circle14,id:3413
user_1684_circle:circle14,id:2924
user_1684_circle:circle14,id:3426
user_1684_circle:circle14,id:2963
user_1684_circle:circle14,id:3047
user_1684_circle:circle14,id:3130
user_1684_circle:circle14,id:3025
user_1684_circle:circle14,id:2967
user_1684_circle:circle14,id:3022
user_1684_circle:circle14,id:3036
user_1684_circle:circle14,id:2919
user_1684_circle:circle14,id:2916
user_1684_circle:circle14,id:3059
user_1684_circle:circle14,id:2986
user_1684_circle:circle14,id:2664
user_1684_circle:circle14,id:3054
user_1684_circle:circle14,id:2891
user_1684_circle:circle15,id:2949
user_1684_circle:circle15,id:3128
user_1684_circle:circle15,id:1171
user_1684_circle:circle15,id:3126
user_1684_circle:circle15,id:2886
user_1684_circle:circle15,id:3083
user_1684_circle:circle15,id:3310
user_1684_circle:circle15,id:3322
user_1684_circle:circle15,id:3066
user_1684_circle:circle15,id:3336
user_1684_circle:circle16,id:2774
user_1684_circle:circle16,id:3074
user_1684_circle:circle16,id:2792
user_1684_circle:circle16,id:2691
user_1684_circle:circle16,id:2817
user_1684_circle:circle16,id:3127
user_1684_circle:circle16,id:3282
user_1684_circle:circle16,id:3147
user_1684_circle:circle16,id:3055
user_1684_circle:circle16,id:3037
user_1912_circle:circle0,id:2540
user_1912_circle:circle0,id:2047
user_1912_circle:circle0,id:2543
user_1912_circle:circle0,id:2332
user_1912_circle:circle0,id:2183
user_1912_circle:circle0,id:2094
user_1912_circle:circle0,id:1941
user_1912_circle:circle1,id:2014
user_1912_circle:circle1,id:2571
user_1912_circle:circle1,id:2009
user_1912_circle:circle1,id:2011
user_1912_circle:circle1,id:2657
user_1912_circle:circle1,id:1931
user_1912_circle:circle1,id:2639
user_1912_circle:circle1,id:2640
user_1912_circle:circle1,id:2645
user_1912_circle:circle1,id:1999
user_1912_circle:circle1,id:2000
user_1912_circle:circle1,id:1998
user_1912_circle:circle1,id:2284
user_1912_circle:circle1,id:2585
user_1912_circle:circle1,id:2001
user_1912_circle:circle1,id:2020
user_1912_circle:circle1,id:2192
user_1912_circle:circle1,id:2159
user_1912_circle:circle1,id:2024
user_1912_circle:circle1,id:2297
user_1912_circle:circle1,id:1921
user_1912_circle:circle1,id:1995
user_1912_circle:circle1,id:2004
user_1912_circle:circle1,id:2378
user_1912_circle:circle1,id:2006
user_1912_circle:circle1,id:2346
user_1912_circle:circle1,id:2116
user_1912_circle:circle1,id:2648
user_1912_circle:circle1,id:2647
user_1912_circle:circle1,id:2459
user_1912_circle:circle1,id:2337
user_1912_circle:circle1,id:2022
user_1912_circle:circle1,id:2658
user_1912_circle:circle1,id:2660
user_1912_circle:circle1,id:2659
user_1912_circle:circle1,id:2018
user_1912_circle:circle1,id:2268
user_1912_circle:circle1,id:2633
user_1912_circle:circle1,id:1976
user_1912_circle:circle1,id:2341
user_1912_circle:circle1,id:1968
user_1912_circle:circle1,id:1927
user_1912_circle:circle1,id:1954
user_1912_circle:circle1,id:2447
user_1912_circle:circle1,id:1928
user_1912_circle:circle1,id:2157
user_1912_circle:circle1,id:2472
user_1912_circle:circle1,id:1991
user_1912_circle:circle1,id:1950
user_1912_circle:circle1,id:2627
user_1912_circle:circle1,id:2626
user_1912_circle:circle1,id:1914
user_1912_circle:circle1,id:2016
user_1912_circle:circle1,id:2012
user_1912_circle:circle1,id:136
user_1912_circle:circle1,id:2364
user_1912_circle:circle1,id:2636
user_1912_circle:circle1,id:2494
user_1912_circle:circle1,id:2015
user_1912_circle:circle1,id:2097
user_1912_circle:circle1,id:2620
user_1912_circle:circle1,id:2583
user_1912_circle:circle1,id:1951
user_1912_circle:circle1,id:2538
user_1912_circle:circle1,id:1935
user_1912_circle:circle1,id:2143
user_1912_circle:circle1,id:2025
user_1912_circle:circle1,id:2027
user_1912_circle:circle1,id:2171
user_1912_circle:circle1,id:1919
user_1912_circle:circle2,id:2456
user_1912_circle:circle3,id:2108
user_1912_circle:circle3,id:2369
user_1912_circle:circle3,id:2046
user_1912_circle:circle3,id:2059
user_1912_circle:circle4,id:2439
user_1912_circle:circle4,id:2531
user_1912_circle:circle4,id:2185
user_1912_circle:circle4,id:2254
user_1912_circle:circle4,id:2548
user_1912_circle:circle4,id:2461
user_1912_circle:circle4,id:2558
user_1912_circle:circle4,id:2375
user_1912_circle:circle4,id:2219
user_1912_circle:circle4,id:2217
user_1912_circle:circle4,id:2621
user_1912_circle:circle5,id:2567
user_1912_circle:circle5,id:2026
user_1912_circle:circle5,id:2191
user_1912_circle:circle5,id:2153
user_1912_circle:circle5,id:2498
user_1912_circle:circle5,id:1959
user_1912_circle:circle6,id:1923
user_1912_circle:circle6,id:1947
user_1912_circle:circle6,id:2134
user_1912_circle:circle7,id:2125
user_1912_circle:circle7,id:2543
user_1912_circle:circle7,id:2502
user_1912_circle:circle7,id:2224
user_1912_circle:circle7,id:2516
user_1912_circle:circle7,id:2519
user_1912_circle:circle7,id:2582
user_1912_circle:circle7,id:2649
user_1912_circle:circle7,id:2298
user_1912_circle:circle7,id:2643
user_1912_circle:circle7,id:2295
user_1912_circle:circle7,id:2163
user_1912_circle:circle8,id:2283
user_1912_circle:circle8,id:2099
user_1912_circle:circle8,id:2304
user_1912_circle:circle8,id:2358
user_1912_circle:circle8,id:2247
user_1912_circle:circle8,id:2246
user_1912_circle:circle8,id:2555
user_1912_circle:circle8,id:2230
user_1912_circle:circle8,id:2461
user_1912_circle:circle8,id:2052
user_1912_circle:circle9,id:2523
user_1912_circle:circle10,id:2456
user_1912_circle:circle10,id:2047
user_1912_circle:circle10,id:2455
user_1912_circle:circle10,id:2543
user_1912_circle:circle10,id:2382
user_1912_circle:circle10,id:2204
user_1912_circle:circle10,id:2541
user_1912_circle:circle10,id:2437
user_1912_circle:circle10,id:2241
user_1912_circle:circle10,id:1985
user_1912_circle:circle10,id:2142
user_1912_circle:circle10,id:563
user_1912_circle:circle10,id:2042
user_1912_circle:circle10,id:2470
user_1912_circle:circle10,id:1923
user_1912_circle:circle10,id:1947
user_1912_circle:circle10,id:2344
user_1912_circle:circle10,id:2421
user_1912_circle:circle10,id:2174
user_1912_circle:circle10,id:1465
user_1912_circle:circle10,id:2266
user_1912_circle:circle10,id:2134
user_1912_circle:circle10,id:2034
user_1912_circle:circle10,id:428
user_1912_circle:circle10,id:2111
user_1912_circle:circle10,id:2096
user_1912_circle:circle10,id:2468
user_1912_circle:circle11,id:2176
user_1912_circle:circle11,id:2186
user_1912_circle:circle11,id:2031
user_1912_circle:circle11,id:2310
user_1912_circle:circle11,id:2419
user_1912_circle:circle11,id:2209
user_1912_circle:circle11,id:1964
user_1912_circle:circle11,id:2557
user_1912_circle:circle11,id:2641
user_1912_circle:circle11,id:2318
user_1912_circle:circle11,id:1923
user_1912_circle:circle11,id:2038
user_1912_circle:circle11,id:2525
user_1912_circle:circle11,id:2416
user_1912_circle:circle11,id:2133
user_1912_circle:circle11,id:2610
user_1912_circle:circle11,id:2325
user_1912_circle:circle11,id:2211
user_1912_circle:circle11,id:2296
user_1912_circle:circle12,id:2506
user_1912_circle:circle12,id:2573
user_1912_circle:circle12,id:2426
user_1912_circle:circle12,id:2561
user_1912_circle:circle12,id:2348
user_1912_circle:circle12,id:2098
user_1912_circle:circle12,id:2137
user_1912_circle:circle13,id:1956
user_1912_circle:circle13,id:2558
user_1912_circle:circle13,id:2528
user_1912_circle:circle13,id:2425
user_1912_circle:circle14,id:2142
user_1912_circle:circle14,id:2512
user_1912_circle:circle14,id:2560
user_1912_circle:circle14,id:2134
user_1912_circle:circle15,id:2336
user_1912_circle:circle15,id:2283
user_1912_circle:circle15,id:1949
user_1912_circle:circle15,id:2456
user_1912_circle:circle15,id:2458
user_1912_circle:circle15,id:2125
user_1912_circle:circle15,id:2605
user_1912_circle:circle15,id:2455
user_1912_circle:circle15,id:2424
user_1912_circle:circle15,id:2017
user_1912_circle:circle15,id:1915
user_1912_circle:circle15,id:2332
user_1912_circle:circle15,id:2382
user_1912_circle:circle15,id:2204
user_1912_circle:circle15,id:2221
user_1912_circle:circle15,id:2642
user_1912_circle:circle15,id:2120
user_1912_circle:circle15,id:1999
user_1912_circle:circle15,id:2501
user_1912_circle:circle15,id:2437
user_1912_circle:circle15,id:2523
user_1912_circle:circle15,id:2183
user_1912_circle:circle15,id:2224
user_1912_circle:circle15,id:2587
user_1912_circle:circle15,id:2598
user_1912_circle:circle15,id:2142
user_1912_circle:circle15,id:1996
user_1912_circle:circle15,id:2542
user_1912_circle:circle15,id:2581
user_1912_circle:circle15,id:2042
user_1912_circle:circle15,id:1922
user_1912_circle:circle15,id:2470
user_1912_circle:circle15,id:2232
user_1912_circle:circle15,id:2023
user_1912_circle:circle15,id:2316
user_1912_circle:circle15,id:2649
user_1912_circle:circle15,id:2156
user_1912_circle:circle15,id:2421
user_1912_circle:circle15,id:2565
user_1912_circle:circle15,id:2062
user_1912_circle:circle15,id:2328
user_1912_circle:circle15,id:2577
user_1912_circle:circle15,id:2168
user_1912_circle:circle15,id:2114
user_1912_circle:circle15,id:2231
user_1912_circle:circle15,id:1465
user_1912_circle:circle15,id:2266
user_1912_circle:circle15,id:2041
user_1912_circle:circle15,id:2096
user_1912_circle:circle15,id:2243
user_1912_circle:circle16,id:2439
user_1912_circle:circle16,id:2113
user_1912_circle:circle16,id:2100
user_1912_circle:circle16,id:2548
user_1912_circle:circle16,id:2375
user_1912_circle:circle16,id:2217
user_1912_circle:circle16,id:2621
user_1912_circle:circle17,id:2521
user_1912_circle:circle17,id:2560
user_1912_circle:circle17,id:2182
user_1912_circle:circle17,id:2081
user_1912_circle:circle18,id:2298
user_1912_circle:circle18,id:2230
user_1912_circle:circle18,id:2577
user_1912_circle:circle19,id:2283
user_1912_circle:circle20,id:2550
user_1912_circle:circle20,id:2086
user_1912_circle:circle20,id:2030
user_1912_circle:circle20,id:1925
user_1912_circle:circle20,id:2108
user_1912_circle:circle20,id:1918
user_1912_circle:circle20,id:2287
user_1912_circle:circle20,id:2184
user_1912_circle:circle20,id:2369
user_1912_circle:circle20,id:2476
user_1912_circle:circle20,id:2164
user_1912_circle:circle20,id:2262
user_1912_circle:circle20,id:2556
user_1912_circle:circle20,id:2553
user_1912_circle:circle20,id:2593
user_1912_circle:circle20,id:2579
user_1912_circle:circle20,id:2045
user_1912_circle:circle20,id:2464
user_1912_circle:circle20,id:1989
user_1912_circle:circle20,id:2443
user_1912_circle:circle20,id:2462
user_1912_circle:circle20,id:2308
user_1912_circle:circle20,id:2190
user_1912_circle:circle20,id:2477
user_1912_circle:circle20,id:2586
user_1912_circle:circle20,id:1993
user_1912_circle:circle20,id:2121
user_1912_circle:circle20,id:2506
user_1912_circle:circle20,id:2613
user_1912_circle:circle20,id:2507
user_1912_circle:circle20,id:2021
user_1912_circle:circle20,id:2543
user_1912_circle:circle20,id:1962
user_1912_circle:circle20,id:2073
user_1912_circle:circle20,id:2408
user_1912_circle:circle20,id:2391
user_1912_circle:circle20,id:2104
user_1912_circle:circle20,id:2611
user_1912_circle:circle20,id:2123
user_1912_circle:circle20,id:2575
user_1912_circle:circle20,id:2311
user_1912_circle:circle20,id:2374
user_1912_circle:circle20,id:2276
user_1912_circle:circle20,id:2573
user_1912_circle:circle20,id:2334
user_1912_circle:circle20,id:2179
user_1912_circle:circle20,id:2356
user_1912_circle:circle20,id:2484
user_1912_circle:circle20,id:2428
user_1912_circle:circle20,id:2046
user_1912_circle:circle20,id:2521
user_1912_circle:circle20,id:2020
user_1912_circle:circle20,id:2084
user_1912_circle:circle20,id:2638
user_1912_circle:circle20,id:2005
user_1912_circle:circle20,id:2093
user_1912_circle:circle20,id:2092
user_1912_circle:circle20,id:2060
user_1912_circle:circle20,id:2395
user_1912_circle:circle20,id:2078
user_1912_circle:circle20,id:2572
user_1912_circle:circle20,id:2306
user_1912_circle:circle20,id:2549
user_1912_circle:circle20,id:2200
user_1912_circle:circle20,id:2063
user_1912_circle:circle20,id:2350
user_1912_circle:circle20,id:2055
user_1912_circle:circle20,id:2418
user_1912_circle:circle20,id:2607
user_1912_circle:circle20,id:2069
user_1912_circle:circle20,id:2500
user_1912_circle:circle20,id:1938
user_1912_circle:circle20,id:2261
user_1912_circle:circle20,id:2393
user_1912_circle:circle20,id:2240
user_1912_circle:circle20,id:1985
user_1912_circle:circle20,id:2559
user_1912_circle:circle20,id:2352
user_1912_circle:circle20,id:2339
user_1912_circle:circle20,id:2140
user_1912_circle:circle20,id:2387
user_1912_circle:circle20,id:2532
user_1912_circle:circle20,id:2154
user_1912_circle:circle20,id:2112
user_1912_circle:circle20,id:2040
user_1912_circle:circle20,id:2142
user_1912_circle:circle20,id:2212
user_1912_circle:circle20,id:2275
user_1912_circle:circle20,id:1942
user_1912_circle:circle20,id:2591
user_1912_circle:circle20,id:2139
user_1912_circle:circle20,id:2118
user_1912_circle:circle20,id:2172
user_1912_circle:circle20,id:2536
user_1912_circle:circle20,id:2542
user_1912_circle:circle20,id:2469
user_1912_circle:circle20,id:2324
user_1912_circle:circle20,id:2363
user_1912_circle:circle20,id:2237
user_1912_circle:circle20,id:1963
user_1912_circle:circle20,id:2615
user_1912_circle:circle20,id:2551
user_1912_circle:circle20,id:1979
user_1912_circle:circle20,id:2407
user_1912_circle:circle20,id:1917
user_1912_circle:circle20,id:1946
user_1912_circle:circle20,id:2624
user_1912_circle:circle20,id:2655
user_1912_circle:circle20,id:2489
user_1912_circle:circle20,id:2499
user_1912_circle:circle20,id:2257
user_1912_circle:circle20,id:2512
user_1912_circle:circle20,id:2561
user_1912_circle:circle20,id:1953
user_1912_circle:circle20,id:2210
user_1912_circle:circle20,id:2386
user_1912_circle:circle20,id:2218
user_1912_circle:circle20,id:2233
user_1912_circle:circle20,id:2625
user_1912_circle:circle20,id:2122
user_1912_circle:circle20,id:2495
user_1912_circle:circle20,id:2546
user_1912_circle:circle20,id:2381
user_1912_circle:circle20,id:1986
user_1912_circle:circle20,id:2131
user_1912_circle:circle20,id:2077
user_1912_circle:circle20,id:2229
user_1912_circle:circle20,id:1943
user_1912_circle:circle20,id:2442
user_1912_circle:circle20,id:2056
user_1912_circle:circle20,id:2019
user_1912_circle:circle20,id:2560
user_1912_circle:circle20,id:1969
user_1912_circle:circle20,id:2290
user_1912_circle:circle20,id:2485
user_1912_circle:circle20,id:2165
user_1912_circle:circle20,id:2088
user_1912_circle:circle20,id:2392
user_1912_circle:circle20,id:2410
user_1912_circle:circle20,id:2348
user_1912_circle:circle20,id:2584
user_1912_circle:circle20,id:2043
user_1912_circle:circle20,id:2347
user_1912_circle:circle20,id:2563
user_1912_circle:circle20,id:2271
user_1912_circle:circle20,id:1984
user_1912_circle:circle20,id:2526
user_1912_circle:circle20,id:2216
user_1912_circle:circle20,id:2258
user_1912_circle:circle20,id:2064
user_1912_circle:circle20,id:2492
user_1912_circle:circle20,id:2244
user_1912_circle:circle20,id:2300
user_1912_circle:circle20,id:2353
user_1912_circle:circle20,id:2504
user_1912_circle:circle20,id:2630
user_1912_circle:circle20,id:2090
user_1912_circle:circle20,id:2590
user_1912_circle:circle20,id:2430
user_1912_circle:circle20,id:2278
user_1912_circle:circle20,id:2446
user_1912_circle:circle20,id:2103
user_1912_circle:circle20,id:2478
user_1912_circle:circle20,id:2520
user_1912_circle:circle20,id:2329
user_1912_circle:circle20,id:2136
user_1912_circle:circle20,id:2600
user_1912_circle:circle20,id:2189
user_1912_circle:circle20,id:1929
user_1912_circle:circle20,id:2423
user_1912_circle:circle20,id:2007
user_1912_circle:circle20,id:2578
user_1912_circle:circle20,id:2234
user_1912_circle:circle20,id:2288
user_1912_circle:circle20,id:2115
user_1912_circle:circle20,id:2253
user_1912_circle:circle20,id:1971
user_1912_circle:circle20,id:2604
user_1912_circle:circle20,id:2449
user_1912_circle:circle20,id:2147
user_1912_circle:circle20,id:2606
user_1912_circle:circle20,id:2414
user_1912_circle:circle20,id:1983
user_1912_circle:circle20,id:2299
user_1912_circle:circle20,id:1997
user_1912_circle:circle20,id:2266
user_1912_circle:circle20,id:2293
user_1912_circle:circle20,id:2033
user_1912_circle:circle20,id:2074
user_1912_circle:circle20,id:2098
user_1912_circle:circle20,id:2602
user_1912_circle:circle20,id:2220
user_1912_circle:circle20,id:1966
user_1912_circle:circle20,id:2067
user_1912_circle:circle20,id:2654
user_1912_circle:circle20,id:2460
user_1912_circle:circle20,id:2124
user_1912_circle:circle20,id:2109
user_1912_circle:circle20,id:2048
user_1912_circle:circle20,id:1941
user_1912_circle:circle20,id:2201
user_1912_circle:circle20,id:2267
user_1912_circle:circle20,id:2576
user_1912_circle:circle20,id:2619
user_1912_circle:circle20,id:2564
user_1912_circle:circle20,id:2409
user_1912_circle:circle20,id:2482
user_1912_circle:circle20,id:2623
user_1912_circle:circle20,id:2309
user_1912_circle:circle20,id:2206
user_1912_circle:circle20,id:2539
user_1912_circle:circle20,id:2631
user_1912_circle:circle20,id:2370
user_1912_circle:circle20,id:2359
user_1912_circle:circle20,id:2059
user_1912_circle:circle20,id:2404
user_1912_circle:circle20,id:2326
user_1912_circle:circle20,id:2574
user_1912_circle:circle20,id:2037
user_1912_circle:circle20,id:2601
user_1912_circle:circle20,id:2646
user_1912_circle:circle20,id:2095
user_1912_circle:circle20,id:2188
user_1912_circle:circle20,id:2433
user_1912_circle:circle20,id:2307
user_1912_circle:circle20,id:2083
user_1912_circle:circle20,id:2323
user_1912_circle:circle20,id:2354
user_1912_circle:circle20,id:2376
user_1912_circle:circle20,id:2340
user_1912_circle:circle20,id:2150
user_1912_circle:circle20,id:2468
user_1912_circle:circle21,id:2394
user_1912_circle:circle21,id:2282
user_1912_circle:circle21,id:2072
user_1912_circle:circle21,id:2110
user_1912_circle:circle21,id:2458
user_1912_circle:circle21,id:2053
user_1912_circle:circle21,id:2075
user_1912_circle:circle21,id:2294
user_1912_circle:circle21,id:2054
user_1912_circle:circle21,id:2479
user_1912_circle:circle21,id:2177
user_1912_circle:circle21,id:2384
user_1912_circle:circle21,id:2509
user_1912_circle:circle21,id:2221
user_1912_circle:circle21,id:2377
user_1912_circle:circle21,id:2652
user_1912_circle:circle21,id:2501
user_1912_circle:circle21,id:2003
user_1912_circle:circle21,id:2451
user_1912_circle:circle21,id:2161
user_1912_circle:circle21,id:2511
user_1912_circle:circle21,id:2333
user_1912_circle:circle21,id:2438
user_1912_circle:circle21,id:2002
user_1912_circle:circle21,id:2222
user_1912_circle:circle21,id:563
user_1912_circle:circle21,id:2415
user_1912_circle:circle21,id:1981
user_1912_circle:circle21,id:2280
user_1912_circle:circle21,id:1947
user_1912_circle:circle21,id:1939
user_1912_circle:circle21,id:2252
user_1912_circle:circle21,id:2344
user_1912_circle:circle21,id:2396
user_1912_circle:circle21,id:2132
user_1912_circle:circle21,id:2235
user_1912_circle:circle21,id:2432
user_1912_circle:circle21,id:2062
user_1912_circle:circle21,id:2328
user_1912_circle:circle21,id:2568
user_1912_circle:circle21,id:2434
user_1912_circle:circle21,id:2081
user_1912_circle:circle21,id:2301
user_1912_circle:circle21,id:2327
user_1912_circle:circle21,id:2399
user_1912_circle:circle21,id:428
user_1912_circle:circle21,id:1970
user_1912_circle:circle21,id:1967
user_1912_circle:circle21,id:2111
user_1912_circle:circle21,id:58
user_1912_circle:circle21,id:2274
user_1912_circle:circle21,id:2603
user_1912_circle:circle21,id:2101
user_1912_circle:circle21,id:1959
user_1912_circle:circle21,id:2199
user_1912_circle:circle21,id:2096
user_1912_circle:circle21,id:2617
user_1912_circle:circle21,id:2390
user_1912_circle:circle21,id:2243
user_1912_circle:circle21,id:2537
user_1912_circle:circle22,id:2283
user_1912_circle:circle23,id:2283
user_1912_circle:circle23,id:2431
user_1912_circle:circle23,id:2321
user_1912_circle:circle23,id:2114
user_1912_circle:circle23,id:2034
user_1912_circle:circle23,id:2260
user_1912_circle:circle23,id:1952
user_1912_circle:circle24,id:2106
user_1912_circle:circle25,id:2106
user_1912_circle:circle26,id:2241
user_1912_circle:circle26,id:1985
user_1912_circle:circle26,id:2512
user_1912_circle:circle26,id:2062
user_1912_circle:circle26,id:1959
user_1912_circle:circle27,id:2398
user_1912_circle:circle27,id:2320
user_1912_circle:circle27,id:2259
user_1912_circle:circle27,id:2622
user_1912_circle:circle27,id:2349
user_1912_circle:circle27,id:2426
user_1912_circle:circle27,id:2513
user_1912_circle:circle27,id:2444
user_1912_circle:circle27,id:2486
user_1912_circle:circle27,id:2255
user_1912_circle:circle27,id:2170
user_1912_circle:circle27,id:2515
user_1912_circle:circle27,id:2401
user_1912_circle:circle27,id:1992
user_1912_circle:circle27,id:2399
user_1912_circle:circle27,id:2650
user_1912_circle:circle27,id:2466
user_1912_circle:circle27,id:2076
user_1912_circle:circle27,id:1988
user_1912_circle:circle27,id:2376
user_1912_circle:circle28,id:2468
user_1912_circle:circle29,id:2057
user_1912_circle:circle29,id:2385
user_1912_circle:circle29,id:1987
user_1912_circle:circle29,id:1959
user_1912_circle:circle29,id:2215
user_1912_circle:circle30,id:563
user_1912_circle:circle30,id:428
user_1912_circle:circle30,id:1967
user_1912_circle:circle30,id:58
user_1912_circle:circle31,id:1980
user_1912_circle:circle31,id:2121
user_1912_circle:circle31,id:1958
user_1912_circle:circle31,id:1957
user_1912_circle:circle31,id:2365
user_1912_circle:circle31,id:2395
user_1912_circle:circle31,id:2061
user_1912_circle:circle31,id:2218
user_1912_circle:circle31,id:2518
user_1912_circle:circle31,id:1973
user_1912_circle:circle31,id:1972
user_1912_circle:circle31,id:1943
user_1912_circle:circle31,id:2225
user_1912_circle:circle31,id:2376
user_1912_circle:circle32,id:2443
user_1912_circle:circle32,id:2595
user_1912_circle:circle32,id:2457
user_1912_circle:circle32,id:2527
user_1912_circle:circle32,id:2483
user_1912_circle:circle32,id:2588
user_1912_circle:circle33,id:2629
user_1912_circle:circle33,id:2042
user_1912_circle:circle33,id:2436
user_1912_circle:circle33,id:2292
user_1912_circle:circle33,id:2635
user_1912_circle:circle33,id:2278
user_1912_circle:circle33,id:2302
user_1912_circle:circle33,id:2544
user_1912_circle:circle33,id:2463
user_1912_circle:circle33,id:136
user_1912_circle:circle33,id:2143
user_1912_circle:circle33,id:2128
user_1912_circle:circle34,id:2535
user_1912_circle:circle34,id:2481
user_1912_circle:circle34,id:2570
user_1912_circle:circle34,id:2094
user_1912_circle:circle34,id:1961
user_1912_circle:circle34,id:2245
user_1912_circle:circle34,id:2126
user_1912_circle:circle34,id:2301
user_1912_circle:circle34,id:2167
user_1912_circle:circle34,id:2487
user_1912_circle:circle35,id:2598
user_1912_circle:circle35,id:1577
user_1912_circle:circle35,id:2292
user_1912_circle:circle35,id:2268
user_1912_circle:circle35,id:2518
user_1912_circle:circle35,id:1961
user_1912_circle:circle35,id:2491
user_1912_circle:circle35,id:2081
user_1912_circle:circle35,id:1465
user_1912_circle:circle35,id:2149
user_1912_circle:circle35,id:2128
user_1912_circle:circle36,id:2402
user_1912_circle:circle36,id:2099
user_1912_circle:circle36,id:2605
user_1912_circle:circle36,id:2413
user_1912_circle:circle36,id:1956
user_1912_circle:circle36,id:1915
user_1912_circle:circle36,id:2066
user_1912_circle:circle36,id:2517
user_1912_circle:circle36,id:2422
user_1912_circle:circle36,id:2177
user_1912_circle:circle36,id:2263
user_1912_circle:circle36,id:2371
user_1912_circle:circle36,id:2256
user_1912_circle:circle36,id:2057
user_1912_circle:circle36,id:2529
user_1912_circle:circle36,id:2026
user_1912_circle:circle36,id:2445
user_1912_circle:circle36,id:2502
user_1912_circle:circle36,id:2431
user_1912_circle:circle36,id:2534
user_1912_circle:circle36,id:2082
user_1912_circle:circle36,id:2524
user_1912_circle:circle36,id:2531
user_1912_circle:circle36,id:2227
user_1912_circle:circle36,id:2614
user_1912_circle:circle36,id:2454
user_1912_circle:circle36,id:2349
user_1912_circle:circle36,id:2400
user_1912_circle:circle36,id:2113
user_1912_circle:circle36,id:2513
user_1912_circle:circle36,id:2358
user_1912_circle:circle36,id:2632
user_1912_circle:circle36,id:2441
user_1912_circle:circle36,id:2129
user_1912_circle:circle36,id:2389
user_1912_circle:circle36,id:2010
user_1912_circle:circle36,id:2345
user_1912_circle:circle36,id:2497
user_1912_circle:circle36,id:2450
user_1912_circle:circle36,id:2100
user_1912_circle:circle36,id:2065
user_1912_circle:circle36,id:2291
user_1912_circle:circle36,id:2355
user_1912_circle:circle36,id:2251
user_1912_circle:circle36,id:2252
user_1912_circle:circle36,id:2298
user_1912_circle:circle36,id:2036
user_1912_circle:circle36,id:2270
user_1912_circle:circle36,id:1987
user_1912_circle:circle36,id:2312
user_1912_circle:circle36,id:1977
user_1912_circle:circle36,id:2249
user_1912_circle:circle36,id:2448
user_1912_circle:circle36,id:2295
user_1912_circle:circle36,id:2628
user_1912_circle:circle36,id:2230
user_1912_circle:circle36,id:2051
user_1912_circle:circle36,id:2544
user_1912_circle:circle36,id:2568
user_1912_circle:circle36,id:2169
user_1912_circle:circle36,id:2514
user_1912_circle:circle36,id:2288
user_1912_circle:circle36,id:2214
user_1912_circle:circle36,id:2130
user_1912_circle:circle36,id:2530
user_1912_circle:circle36,id:2449
user_1912_circle:circle36,id:2067
user_1912_circle:circle36,id:2265
user_1912_circle:circle36,id:1952
user_1912_circle:circle36,id:2137
user_1912_circle:circle36,id:2488
user_1912_circle:circle36,id:2528
user_1912_circle:circle36,id:2215
user_1912_circle:circle36,id:1913
user_1912_circle:circle36,id:2128
user_1912_circle:circle37,id:2003
user_1912_circle:circle37,id:2222
user_1912_circle:circle37,id:2415
user_1912_circle:circle37,id:2318
user_1912_circle:circle37,id:1970
user_1912_circle:circle38,id:2394
user_1912_circle:circle38,id:2367
user_1912_circle:circle38,id:2336
user_1912_circle:circle38,id:2282
user_1912_circle:circle38,id:2138
user_1912_circle:circle38,id:2283
user_1912_circle:circle38,id:2072
user_1912_circle:circle38,id:2629
user_1912_circle:circle38,id:2398
user_1912_circle:circle38,id:2458
user_1912_circle:circle38,id:2571
user_1912_circle:circle38,id:2053
user_1912_circle:circle38,id:1920
user_1912_circle:circle38,id:2125
user_1912_circle:circle38,id:2047
user_1912_circle:circle38,id:2176
user_1912_circle:circle38,id:2294
user_1912_circle:circle38,id:2533
user_1912_circle:circle38,id:2054
user_1912_circle:circle38,id:2567
user_1912_circle:circle38,id:2543
user_1912_circle:circle38,id:2304
user_1912_circle:circle38,id:2332
user_1912_circle:circle38,id:2194
user_1912_circle:circle38,id:2592
user_1912_circle:circle38,id:2250
user_1912_circle:circle38,id:1718
user_1912_circle:circle38,id:2384
user_1912_circle:circle38,id:2642
user_1912_circle:circle38,id:2594
user_1912_circle:circle38,id:2187
user_1912_circle:circle38,id:2377
user_1912_circle:circle38,id:2148
user_1912_circle:circle38,id:2241
user_1912_circle:circle38,id:2445
user_1912_circle:circle38,id:2183
user_1912_circle:circle38,id:2451
user_1912_circle:circle38,id:2224
user_1912_circle:circle38,id:2068
user_1912_circle:circle38,id:2511
user_1912_circle:circle38,id:2419
user_1912_circle:circle38,id:2372
user_1912_circle:circle38,id:2333
user_1912_circle:circle38,id:2259
user_1912_circle:circle38,id:2598
user_1912_circle:circle38,id:2209
user_1912_circle:circle38,id:1945
user_1912_circle:circle38,id:2438
user_1912_circle:circle38,id:2516
user_1912_circle:circle38,id:2597
user_1912_circle:circle38,id:2475
user_1912_circle:circle38,id:2042
user_1912_circle:circle38,id:2608
user_1912_circle:circle38,id:2010
user_1912_circle:circle38,id:2087
user_1912_circle:circle38,id:2247
user_1912_circle:circle38,id:2519
user_1912_circle:circle38,id:2246
user_1912_circle:circle38,id:2471
user_1912_circle:circle38,id:2582
user_1912_circle:circle38,id:2436
user_1912_circle:circle38,id:2191
user_1912_circle:circle38,id:2223
user_1912_circle:circle38,id:2273
user_1912_circle:circle38,id:1577
user_1912_circle:circle38,id:2153
user_1912_circle:circle38,id:2589
user_1912_circle:circle38,id:2555
user_1912_circle:circle38,id:2292
user_1912_circle:circle38,id:2635
user_1912_circle:circle38,id:1955
user_1912_circle:circle38,id:2280
user_1912_circle:circle38,id:1923
user_1912_circle:circle38,id:2028
user_1912_circle:circle38,id:1947
user_1912_circle:circle38,id:2268
user_1912_circle:circle38,id:2038
user_1912_circle:circle38,id:2151
user_1912_circle:circle38,id:2649
user_1912_circle:circle38,id:2135
user_1912_circle:circle38,id:2196
user_1912_circle:circle38,id:2279
user_1912_circle:circle38,id:2347
user_1912_circle:circle38,id:2203
user_1912_circle:circle38,id:2289
user_1912_circle:circle38,id:2416
user_1912_circle:circle38,id:2643
user_1912_circle:circle38,id:1954
user_1912_circle:circle38,id:2319
user_1912_circle:circle38,id:2351
user_1912_circle:circle38,id:2102
user_1912_circle:circle38,id:2254
user_1912_circle:circle38,id:2420
user_1912_circle:circle38,id:2473
user_1912_circle:circle38,id:2472
user_1912_circle:circle38,id:2328
user_1912_circle:circle38,id:1932
user_1912_circle:circle38,id:2302
user_1912_circle:circle38,id:2189
user_1912_circle:circle38,id:2498
user_1912_circle:circle38,id:2117
user_1912_circle:circle38,id:2169
user_1912_circle:circle38,id:2007
user_1912_circle:circle38,id:2174
user_1912_circle:circle38,id:2491
user_1912_circle:circle38,id:2463
user_1912_circle:circle38,id:2461
user_1912_circle:circle38,id:2081
user_1912_circle:circle38,id:2163
user_1912_circle:circle38,id:1994
user_1912_circle:circle38,id:2071
user_1912_circle:circle38,id:1465
user_1912_circle:circle38,id:2032
user_1912_circle:circle38,id:136
user_1912_circle:circle38,id:2052
user_1912_circle:circle38,id:2338
user_1912_circle:circle38,id:2134
user_1912_circle:circle38,id:2399
user_1912_circle:circle38,id:2343
user_1912_circle:circle38,id:2111
user_1912_circle:circle38,id:2274
user_1912_circle:circle38,id:2315
user_1912_circle:circle38,id:1941
user_1912_circle:circle38,id:2127
user_1912_circle:circle38,id:2199
user_1912_circle:circle38,id:2133
user_1912_circle:circle38,id:1948
user_1912_circle:circle38,id:2616
user_1912_circle:circle38,id:2610
user_1912_circle:circle38,id:2143
user_1912_circle:circle38,id:2149
user_1912_circle:circle38,id:2039
user_1912_circle:circle38,id:2496
user_1912_circle:circle39,id:2344
user_1912_circle:circle39,id:2289
user_1912_circle:circle39,id:2328
user_1912_circle:circle39,id:2468
user_1912_circle:circle40,id:2054
user_1912_circle:circle40,id:2642
user_1912_circle:circle40,id:2653
user_1912_circle:circle40,id:2241
user_1912_circle:circle40,id:2598
user_1912_circle:circle40,id:1945
user_1912_circle:circle40,id:2273
user_1912_circle:circle40,id:2609
user_1912_circle:circle40,id:2151
user_1912_circle:circle40,id:2102
user_1912_circle:circle40,id:2032
user_1912_circle:circle40,id:2052
user_1912_circle:circle40,id:2465
user_1912_circle:circle40,id:2144
user_1912_circle:circle40,id:2599
user_1912_circle:circle41,id:2367
user_1912_circle:circle41,id:2402
user_1912_circle:circle41,id:2440
user_1912_circle:circle41,id:1949
user_1912_circle:circle41,id:2456
user_1912_circle:circle41,id:2119
user_1912_circle:circle41,id:2634
user_1912_circle:circle41,id:2411
user_1912_circle:circle41,id:2452
user_1912_circle:circle41,id:2540
user_1912_circle:circle41,id:2047
user_1912_circle:circle41,id:2176
user_1912_circle:circle41,id:2455
user_1912_circle:circle41,id:2049
user_1912_circle:circle41,id:2286
user_1912_circle:circle41,id:2186
user_1912_circle:circle41,id:2424
user_1912_circle:circle41,id:2181
user_1912_circle:circle41,id:2080
user_1912_circle:circle41,id:2017
user_1912_circle:circle41,id:1915
user_1912_circle:circle41,id:2397
user_1912_circle:circle41,id:2031
user_1912_circle:circle41,id:1933
user_1912_circle:circle41,id:2382
user_1912_circle:circle41,id:2178
user_1912_circle:circle41,id:2204
user_1912_circle:circle41,id:1937
user_1912_circle:circle41,id:2642
user_1912_circle:circle41,id:2238
user_1912_circle:circle41,id:2371
user_1912_circle:circle41,id:2120
user_1912_circle:circle41,id:2160
user_1912_circle:circle41,id:2029
user_1912_circle:circle41,id:2373
user_1912_circle:circle41,id:2541
user_1912_circle:circle41,id:2314
user_1912_circle:circle41,id:2437
user_1912_circle:circle41,id:2403
user_1912_circle:circle41,id:2523
user_1912_circle:circle41,id:2008
user_1912_circle:circle41,id:2534
user_1912_circle:circle41,id:2082
user_1912_circle:circle41,id:2342
user_1912_circle:circle41,id:2227
user_1912_circle:circle41,id:2310
user_1912_circle:circle41,id:2587
user_1912_circle:circle41,id:2614
user_1912_circle:circle41,id:2419
user_1912_circle:circle41,id:2175
user_1912_circle:circle41,id:2162
user_1912_circle:circle41,id:2277
user_1912_circle:circle41,id:2209
user_1912_circle:circle41,id:2321
user_1912_circle:circle41,id:2228
user_1912_circle:circle41,id:2013
user_1912_circle:circle41,id:2569
user_1912_circle:circle41,id:2105
user_1912_circle:circle41,id:1936
user_1912_circle:circle41,id:2158
user_1912_circle:circle41,id:2357
user_1912_circle:circle41,id:2322
user_1912_circle:circle41,id:1990
user_1912_circle:circle41,id:1996
user_1912_circle:circle41,id:1964
user_1912_circle:circle41,id:2557
user_1912_circle:circle41,id:2632
user_1912_circle:circle41,id:2581
user_1912_circle:circle41,id:1922
user_1912_circle:circle41,id:2562
user_1912_circle:circle41,id:2129
user_1912_circle:circle41,id:2412
user_1912_circle:circle41,id:2566
user_1912_circle:circle41,id:2570
user_1912_circle:circle41,id:1930
user_1912_circle:circle41,id:2360
user_1912_circle:circle41,id:2152
user_1912_circle:circle41,id:2379
user_1912_circle:circle41,id:2345
user_1912_circle:circle41,id:2656
user_1912_circle:circle41,id:2318
user_1912_circle:circle41,id:2089
user_1912_circle:circle41,id:2366
user_1912_circle:circle41,id:2155
user_1912_circle:circle41,id:2497
user_1912_circle:circle41,id:2362
user_1912_circle:circle41,id:2659
user_1912_circle:circle41,id:2193
user_1912_circle:circle41,id:2141
user_1912_circle:circle41,id:2242
user_1912_circle:circle41,id:1923
user_1912_circle:circle41,id:1934
user_1912_circle:circle41,id:2232
user_1912_circle:circle41,id:2038
user_1912_circle:circle41,id:2023
user_1912_circle:circle41,id:2316
user_1912_circle:circle41,id:2251
user_1912_circle:circle41,id:2236
user_1912_circle:circle41,id:2525
user_1912_circle:circle41,id:2035
user_1912_circle:circle41,id:2637
user_1912_circle:circle41,id:2272
user_1912_circle:circle41,id:2085
user_1912_circle:circle41,id:2341
user_1912_circle:circle41,id:1965
user_1912_circle:circle41,id:1944
user_1912_circle:circle41,id:2156
user_1912_circle:circle41,id:2289
user_1912_circle:circle41,id:2416
user_1912_circle:circle41,id:2036
user_1912_circle:circle41,id:2335
user_1912_circle:circle41,id:2618
user_1912_circle:circle41,id:2317
user_1912_circle:circle41,id:2361
user_1912_circle:circle41,id:2106
user_1912_circle:circle41,id:2421
user_1912_circle:circle41,id:2388
user_1912_circle:circle41,id:2503
user_1912_circle:circle41,id:2126
user_1912_circle:circle41,id:1960
user_1912_circle:circle41,id:2565
user_1912_circle:circle41,id:2448
user_1912_circle:circle41,id:2313
user_1912_circle:circle41,id:2406
user_1912_circle:circle41,id:2580
user_1912_circle:circle41,id:2628
user_1912_circle:circle41,id:2473
user_1912_circle:circle41,id:2612
user_1912_circle:circle41,id:2474
user_1912_circle:circle41,id:2182
user_1912_circle:circle41,id:2577
user_1912_circle:circle41,id:2168
user_1912_circle:circle41,id:2051
user_1912_circle:circle41,id:2498
user_1912_circle:circle41,id:2197
user_1912_circle:circle41,id:2117
user_1912_circle:circle41,id:2174
user_1912_circle:circle41,id:2114
user_1912_circle:circle41,id:2231
user_1912_circle:circle41,id:2130
user_1912_circle:circle41,id:2034
user_1912_circle:circle41,id:2041
user_1912_circle:circle41,id:2260
user_1912_circle:circle41,id:1926
user_1912_circle:circle41,id:2070
user_1912_circle:circle41,id:2480
user_1912_circle:circle41,id:2145
user_1912_circle:circle41,id:2603
user_1912_circle:circle41,id:2173
user_1912_circle:circle41,id:2091
user_1912_circle:circle41,id:2133
user_1912_circle:circle41,id:2610
user_1912_circle:circle41,id:2325
user_1912_circle:circle41,id:2146
user_1912_circle:circle41,id:2248
user_1912_circle:circle41,id:2405
user_1912_circle:circle41,id:2331
user_1912_circle:circle41,id:2211
user_1912_circle:circle41,id:1975
user_1912_circle:circle41,id:2296
user_1912_circle:circle41,id:1978
user_1912_circle:circle42,id:2250
user_1912_circle:circle42,id:2384
user_1912_circle:circle42,id:2529
user_1912_circle:circle42,id:2531
user_1912_circle:circle42,id:2372
user_1912_circle:circle42,id:2400
user_1912_circle:circle42,id:2389
user_1912_circle:circle42,id:2355
user_1912_circle:circle42,id:1976
user_1912_circle:circle42,id:2203
user_1912_circle:circle42,id:2312
user_1912_circle:circle42,id:2319
user_1912_circle:circle42,id:2616
user_1912_circle:circle42,id:1913
user_1912_circle:circle43,id:2598
user_1912_circle:circle43,id:2459
user_1912_circle:circle43,id:2470
user_1912_circle:circle43,id:2134
user_1912_circle:circle44,id:2586
user_1912_circle:circle44,id:2073
user_1912_circle:circle44,id:2575
user_1912_circle:circle44,id:2229
user_1912_circle:circle44,id:1984
user_1912_circle:circle44,id:2244
user_1912_circle:circle44,id:2619
user_1912_circle:circle44,id:2433
user_1912_circle:circle45,id:2453
user_1912_circle:circle45,id:2505
user_1912_circle:circle45,id:1974
user_1912_circle:circle45,id:2208
user_1912_circle:circle45,id:2651
