id:236,id:186
id:122,id:285
id:24,id:346
id:271,id:304
id:176,id:9
id:130,id:329
id:204,id:213
id:252,id:332
id:82,id:65
id:276,id:26
id:280,id:272
id:211,id:199
id:84,id:236
id:133,id:62
id:239,id:172
id:322,id:53
id:3,id:170
id:175,id:46
id:170,id:176
id:170,id:56
id:254,id:194
id:231,id:117
id:127,id:135
id:285,id:103
id:188,id:133
id:23,id:116
id:73,id:299
id:288,id:315
id:119,id:323
id:48,id:57
id:200,id:98
id:313,id:63
id:199,id:304
id:53,id:346
id:344,id:239
id:56,id:67
id:118,id:325
id:188,id:119
id:26,id:277
id:134,id:56
id:270,id:76
id:135,id:36
id:223,id:170
id:170,id:274
id:88,id:21
id:339,id:119
id:108,id:197
id:169,id:271
id:62,id:236
id:275,id:273
id:88,id:186
id:213,id:186
id:83,id:23
id:28,id:312
id:242,id:57
id:214,id:20
id:307,id:71
id:20,id:333
id:207,id:322
id:339,id:168
id:308,id:277
id:186,id:341
id:322,id:122
id:128,id:9
id:334,id:252
id:238,id:265
id:67,id:141
id:78,id:273
id:345,id:122
id:315,id:345
id:317,id:158
id:98,id:21
id:339,id:38
id:24,id:302
id:27,id:54
id:197,id:139
id:109,id:118
id:252,id:291
id:170,id:142
id:82,id:271
id:203,id:332
id:105,id:9
id:232,id:285
id:64,id:217
id:239,id:62
id:248,id:332
id:73,id:126
id:224,id:261
id:283,id:3
id:144,id:226
id:119,id:48
id:290,id:25
id:172,id:342
id:119,id:170
id:285,id:146
id:300,id:94
id:236,id:142
id:346,id:1
id:184,id:159
id:159,id:139
id:53,id:299
id:149,id:20
id:83,id:25
id:332,id:13
id:25,id:94
id:342,id:59
id:238,id:239
id:17,id:326
id:80,id:187
id:325,id:109
id:224,id:84
id:161,id:142
id:122,id:323
id:161,id:308
id:142,id:66
id:308,id:31
id:136,id:7
id:271,id:252
id:255,id:49
id:48,id:320
id:3,id:85
id:246,id:7
id:109,id:56
id:109,id:119
id:239,id:238
id:272,id:186
id:200,id:123
id:285,id:246
id:271,id:188
id:31,id:277
id:326,id:17
id:284,id:108
id:140,id:137
id:56,id:26
id:343,id:115
id:25,id:323
id:345,id:159
id:297,id:26
id:343,id:149
id:320,id:48
id:200,id:109
id:185,id:271
id:7,id:136
id:326,id:149
id:104,id:56
id:339,id:136
id:308,id:142
id:324,id:329
id:9,id:252
id:1,id:315
id:21,id:274
id:119,id:171
id:345,id:67
id:280,id:1
id:313,id:265
id:277,id:271
id:56,id:88
id:9,id:203
id:85,id:176
id:111,id:343
id:14,id:20
id:310,id:32
id:304,id:30
id:199,id:222
id:92,id:346
id:72,id:40
id:284,id:184
id:125,id:136
id:134,id:118
id:9,id:322
id:302,id:266
id:332,id:104
id:40,id:199
id:212,id:67
id:200,id:277
id:82,id:169
id:270,id:203
id:308,id:172
id:261,id:63
id:146,id:313
id:188,id:285
id:57,id:92
id:168,id:304
id:199,id:265
id:332,id:98
id:169,id:136
id:213,id:57
id:248,id:277
id:98,id:271
id:56,id:141
id:310,id:17
id:199,id:118
id:239,id:141
id:21,id:212
id:176,id:128
id:175,id:278
id:203,id:25
id:265,id:40
id:26,id:252
id:339,id:340
id:172,id:232
id:31,id:237
id:311,id:265
id:309,id:135
id:330,id:80
id:230,id:70
id:272,id:159
id:21,id:134
id:24,id:53
id:40,id:332
id:261,id:16
id:239,id:223
id:304,id:249
id:277,id:39
id:224,id:141
id:142,id:345
id:72,id:141
id:313,id:21
id:261,id:271
id:276,id:25
id:109,id:200
id:288,id:25
id:329,id:291
id:194,id:242
id:223,id:203
id:290,id:170
id:261,id:325
id:36,id:251
id:291,id:10
id:342,id:67
id:21,id:55
id:108,id:284
id:3,id:228
id:168,id:31
id:67,id:69
id:323,id:142
id:261,id:113
id:55,id:200
id:13,id:277
id:322,id:25
id:258,id:257
id:285,id:136
id:80,id:320
id:265,id:98
id:252,id:248
id:62,id:200
id:313,id:54
id:196,id:249
id:323,id:85
id:82,id:231
id:141,id:224
id:342,id:119
id:304,id:325
id:136,id:156
id:325,id:104
id:211,id:325
id:304,id:158
id:254,id:302
id:92,id:242
id:30,id:303
id:274,id:188
id:28,id:310
id:271,id:30
id:286,id:81
id:144,id:326
id:265,id:56
id:249,id:57
id:341,id:186
id:174,id:293
id:33,id:42
id:312,id:28
id:199,id:212
id:9,id:323
id:168,id:347
id:67,id:142
id:1,id:53
id:115,id:2
id:333,id:2
id:332,id:38
id:291,id:280
id:119,id:54
id:271,id:232
id:135,id:281
id:258,id:9
id:285,id:200
id:330,id:94
id:263,id:175
id:212,id:304
id:238,id:342
id:284,id:159
id:111,id:279
id:141,id:172
id:66,id:21
id:313,id:203
id:84,id:51
id:139,id:320
id:25,id:186
id:252,id:338
id:200,id:188
id:59,id:342
id:162,id:149
id:304,id:322
id:185,id:169
id:252,id:236
id:25,id:290
id:56,id:185
id:158,id:40
id:238,id:222
id:56,id:128
id:199,id:261
id:271,id:203
id:63,id:313
id:62,id:161
id:302,id:57
id:19,id:175
id:98,id:172
id:28,id:144
id:249,id:213
id:239,id:252
id:332,id:25
id:265,id:203
id:303,id:104
id:339,id:161
id:119,id:39
id:239,id:211
id:313,id:172
id:200,id:122
id:104,id:303
id:75,id:9
id:137,id:312
id:272,id:203
id:218,id:78
id:261,id:268
id:314,id:65
id:57,id:213
id:21,id:56
id:7,id:213
id:139,id:281
id:5,id:122
id:55,id:21
id:80,id:24
id:178,id:38
id:186,id:109
id:304,id:21
id:192,id:49
id:203,id:21
id:285,id:271
id:122,id:248
id:104,id:322
id:312,id:243
id:302,id:254
id:236,id:169
id:304,id:324
id:266,id:249
id:3,id:280
id:243,id:312
id:211,id:98
id:195,id:181
id:8,id:245
id:297,id:185
id:113,id:104
id:10,id:142
id:129,id:7
id:56,id:297
id:248,id:323
id:273,id:328
id:115,id:19
id:36,id:309
id:129,id:168
id:242,id:194
id:343,id:2
id:21,id:169
id:226,id:343
id:40,id:200
id:172,id:331
id:326,id:343
id:134,id:26
id:332,id:329
id:3,id:200
id:331,id:109
id:150,id:128
id:101,id:299
id:203,id:59
id:231,id:315
id:265,id:199
id:99,id:296
id:322,id:290
id:296,id:102
id:118,id:261
id:238,id:56
id:117,id:231
id:312,id:149
id:304,id:308
id:105,id:277
id:204,id:196
id:315,id:303
id:284,id:21
id:239,id:21
id:312,id:326
id:277,id:161
id:340,id:213
id:98,id:223
id:172,id:277
id:128,id:104
id:313,id:222
id:98,id:331
id:299,id:194
id:122,id:141
id:324,id:217
id:291,id:25
id:13,id:188
id:104,id:318
id:261,id:65
id:265,id:128
id:163,id:173
id:116,id:14
id:92,id:1
id:26,id:3
id:165,id:121
id:3,id:25
id:149,id:226
id:328,id:306
id:172,id:141
id:303,id:315
id:56,id:239
id:122,id:274
id:46,id:177
id:249,id:180
id:73,id:1
id:272,id:346
id:53,id:48
id:199,id:119
id:248,id:38
id:24,id:187
id:196,id:67
id:304,id:172
id:87,id:136
id:323,id:141
id:323,id:62
id:189,id:217
id:280,id:236
id:115,id:137
id:25,id:276
id:186,id:55
id:30,id:56
id:60,id:285
id:197,id:127
id:334,id:26
id:304,id:170
id:259,id:8
id:346,id:184
id:186,id:199
id:200,id:39
id:185,id:344
id:184,id:329
id:149,id:162
id:285,id:213
id:185,id:290
id:13,id:261
id:204,id:5
id:109,id:26
id:169,id:40
id:194,id:196
id:85,id:156
id:67,id:55
id:98,id:285
id:123,id:342
id:118,id:283
id:45,id:67
id:80,id:48
id:162,id:343
id:272,id:21
id:271,id:133
id:67,id:297
id:13,id:118
id:115,id:28
id:230,id:23
id:58,id:269
id:46,id:175
id:25,id:169
id:80,id:57
id:135,id:197
id:203,id:161
id:113,id:261
id:116,id:23
id:275,id:218
id:285,id:170
id:314,id:199
id:279,id:111
id:126,id:48
id:36,id:320
id:137,id:167
id:140,id:326
id:130,id:48
id:302,id:94
id:315,id:80
id:101,id:80
id:23,id:227
id:92,id:194
id:2,id:20
id:72,id:252
id:323,id:96
id:91,id:8
id:143,id:177
id:200,id:30
id:257,id:26
id:331,id:324
id:142,id:322
id:188,id:104
id:239,id:276
id:23,id:61
id:325,id:21
id:204,id:94
id:346,id:194
id:223,id:186
id:56,id:252
id:113,id:142
id:26,id:21
id:285,id:323
id:290,id:176
id:93,id:167
id:276,id:122
id:96,id:133
id:41,id:243
id:188,id:304
id:203,id:313
id:200,id:170
id:232,id:200
id:235,id:5
id:6,id:89
id:171,id:107
id:257,id:169
id:224,id:232
id:271,id:79
id:187,id:24
id:141,id:67
id:113,id:66
id:56,id:103
id:59,id:271
id:40,id:213
id:158,id:26
id:211,id:82
id:285,id:208
id:119,id:285
id:26,id:9
id:40,id:133
id:143,id:175
id:56,id:132
id:45,id:221
id:212,id:344
id:285,id:315
id:301,id:324
id:21,id:170
id:326,id:214
id:281,id:159
id:281,id:251
id:109,id:67
id:25,id:232
id:59,id:56
id:92,id:180
id:122,id:284
id:322,id:48
id:277,id:308
id:290,id:323
id:167,id:93
id:250,id:59
id:106,id:29
id:274,id:341
id:249,id:302
id:118,id:239
id:111,id:337
id:252,id:109
id:56,id:55
id:80,id:266
id:252,id:134
id:104,id:67
id:94,id:346
id:141,id:280
id:325,id:161
id:322,id:203
id:96,id:274
id:158,id:315
id:199,id:98
id:134,id:132
id:280,id:98
id:254,id:187
id:329,id:269
id:297,id:21
id:100,id:150
id:110,id:264
id:266,id:330
id:171,id:150
id:322,id:45
id:72,id:165
id:344,id:257
id:184,id:21
id:119,id:332
id:257,id:236
id:277,id:324
id:332,id:248
id:329,id:119
id:225,id:86
id:232,id:56
id:291,id:224
id:53,id:196
id:315,id:213
id:322,id:136
id:181,id:152
id:141,id:257
id:180,id:80
id:26,id:199
id:45,id:104
id:332,id:67
id:303,id:45
id:250,id:252
id:3,id:26
id:98,id:148
id:185,id:55
id:172,id:239
id:295,id:239
id:325,id:98
id:252,id:113
id:323,id:119
id:188,id:315
id:55,id:203
id:137,id:111
id:224,id:200
id:194,id:80
id:295,id:104
id:17,id:140
id:266,id:302
id:232,id:212
id:249,id:24
id:200,id:323
id:323,id:122
id:203,id:65
id:259,id:201
id:161,id:56
id:119,id:252
id:238,id:82
id:197,id:251
id:105,id:272
id:291,id:332
id:289,id:137
id:195,id:306
id:313,id:26
id:108,id:21
id:98,id:203
id:260,id:160
id:346,id:204
id:271,id:21
id:334,id:113
id:172,id:238
id:299,id:48
id:65,id:314
id:1,id:194
id:175,id:321
id:261,id:223
id:10,id:169
id:185,id:315
id:67,id:136
id:203,id:211
id:329,id:272
id:203,id:297
id:212,id:239
id:80,id:194
id:161,id:118
id:170,id:250
id:176,id:290
id:225,id:227
id:324,id:118
id:98,id:104
id:318,id:119
id:291,id:72
id:38,id:141
id:156,id:295
id:31,id:51
id:123,id:334
id:251,id:284
id:19,id:312
id:53,id:322
id:203,id:67
id:89,id:6
id:235,id:21
id:68,id:177
id:227,id:177
id:281,id:108
id:280,id:188
id:144,id:14
id:126,id:88
id:315,id:249
id:232,id:40
id:131,id:99
id:103,id:271
id:119,id:185
id:200,id:3
id:7,id:22
id:132,id:134
id:239,id:212
id:231,id:178
id:21,id:223
id:194,id:266
id:109,id:186
id:127,id:284
id:322,id:56
id:123,id:67
id:299,id:346
id:144,id:23
id:149,id:326
id:56,id:75
id:144,id:343
id:98,id:122
id:31,id:291
id:272,id:108
id:118,id:26
id:232,id:298
id:13,id:172
id:184,id:135
id:200,id:75
id:203,id:82
id:280,id:121
id:177,id:278
id:236,id:297
id:26,id:265
id:331,id:56
id:298,id:40
id:262,id:220
id:314,id:342
id:127,id:36
id:94,id:53
id:186,id:178
id:41,id:230
id:118,id:268
id:185,id:274
id:161,id:252
id:199,id:203
id:299,id:24
id:175,id:99
id:325,id:252
id:87,id:161
id:239,id:234
id:302,id:194
id:252,id:29
id:142,id:158
id:88,id:73
id:16,id:261
id:20,id:44
id:3,id:72
id:57,id:249
id:278,id:86
id:251,id:36
id:44,id:343
id:143,id:131
id:50,id:277
id:203,id:200
id:72,id:3
id:72,id:200
id:252,id:200
id:280,id:332
id:254,id:101
id:161,id:21
id:86,id:278
id:328,id:275
id:91,id:193
id:248,id:169
id:9,id:276
id:258,id:141
id:303,id:236
id:82,id:331
id:97,id:230
id:113,id:132
id:53,id:260
id:23,id:175
id:186,id:345
id:184,id:139
id:239,id:323
id:54,id:27
id:291,id:213
id:188,id:170
id:62,id:276
id:128,id:265
id:170,id:315
id:143,id:278
id:188,id:323
id:25,id:158
id:56,id:66
id:40,id:232
id:123,id:98
id:284,id:36
id:331,id:98
id:303,id:109
id:25,id:176
id:136,id:339
id:104,id:123
id:124,id:170
id:174,id:112
id:85,id:323
id:325,id:222
id:290,id:56
id:3,id:142
id:300,id:130
id:109,id:324
id:251,id:108
id:218,id:328
id:9,id:176
id:128,id:322
id:26,id:203
id:252,id:13
id:149,id:115
id:111,id:312
id:119,id:313
id:68,id:175
id:186,id:9
id:128,id:313
id:330,id:242
id:211,id:331
id:72,id:26
id:67,id:203
id:257,id:315
id:236,id:105
id:213,id:87
id:21,id:342
id:329,id:184
id:224,id:122
id:31,id:168
id:67,id:212
id:115,id:312
id:273,id:78
id:332,id:158
id:26,id:308
id:13,id:238
id:159,id:172
id:92,id:24
id:207,id:56
id:278,id:225
id:115,id:226
id:315,id:158
id:56,id:119
id:26,id:232
id:135,id:309
id:232,id:231
id:172,id:252
id:159,id:127
id:68,id:225
id:231,id:9
id:23,id:245
id:322,id:60
id:141,id:39
id:266,id:53
id:176,id:239
id:162,id:326
id:304,id:161
id:237,id:31
id:169,id:56
id:322,id:1
id:1,id:133
id:133,id:96
id:115,id:14
id:313,id:199
id:304,id:212
id:90,id:179
id:346,id:320
id:113,id:342
id:142,id:122
id:9,id:258
id:75,id:200
id:148,id:119
id:320,id:127
id:118,id:211
id:280,id:231
id:14,id:226
id:281,id:284
id:239,id:325
id:9,id:304
id:173,id:163
id:30,id:48
id:187,id:302
id:56,id:161
id:260,id:126
id:165,id:72
id:88,id:48
id:103,id:339
id:56,id:62
id:188,id:25
id:73,id:331
id:272,id:304
id:24,id:266
id:67,id:290
id:271,id:172
id:172,id:211
id:57,id:277
id:118,id:331
id:67,id:188
id:211,id:203
id:278,id:46
id:113,id:119
id:320,id:184
id:194,id:346
id:134,id:66
id:51,id:237
id:322,id:130
id:56,id:332
id:67,id:123
id:199,id:315
id:25,id:231
id:56,id:272
id:315,id:291
id:266,id:196
id:133,id:141
id:243,id:41
id:177,id:175
id:65,id:261
id:24,id:180
id:243,id:216
id:265,id:311
id:249,id:187
id:119,id:217
id:85,id:188
id:187,id:101
id:309,id:320
id:36,id:197
id:87,id:315
id:322,id:161
id:28,id:151
id:177,id:131
id:239,id:203
id:187,id:92
id:299,id:94
id:280,id:304
id:31,id:339
id:56,id:221
id:179,id:145
id:48,id:54
id:3,id:122
id:203,id:331
id:53,id:254
id:98,id:113
id:56,id:169
id:313,id:239
id:8,id:91
id:126,id:322
id:22,id:7
id:21,id:9
id:67,id:119
id:25,id:76
id:83,id:31
id:188,id:165
id:137,id:41
id:341,id:9
id:271,id:332
id:315,id:133
id:312,id:262
id:157,id:124
id:121,id:165
id:232,id:158
id:249,id:315
id:3,id:188
id:297,id:67
id:128,id:176
id:218,id:181
id:239,id:232
id:21,id:184
id:152,id:4
id:340,id:7
id:312,id:111
id:327,id:95
id:2,id:333
id:59,id:239
id:248,id:26
id:249,id:254
id:184,id:346
id:59,id:268
id:324,id:109
id:82,id:158
id:322,id:85
id:169,id:334
id:56,id:59
id:252,id:65
id:224,id:291
id:120,id:247
id:334,id:21
id:325,id:13
id:226,id:2
id:119,id:176
id:280,id:290
id:277,id:186
id:118,id:200
id:9,id:67
id:148,id:109
id:248,id:53
id:325,id:186
id:323,id:103
id:170,id:3
id:197,id:320
id:24,id:194
id:342,id:13
id:141,id:122
id:298,id:265
id:141,id:72
id:285,id:313
id:22,id:339
id:343,id:44
id:128,id:26
id:178,id:213
id:213,id:246
id:340,id:339
id:334,id:339
id:342,id:56
id:67,id:75
id:277,id:105
id:78,id:218
id:330,id:249
id:25,id:119
id:67,id:186
id:29,id:338
id:291,id:272
id:122,id:128
id:142,id:271
id:119,id:122
id:194,id:101
id:176,id:170
id:159,id:281
id:299,id:187
id:13,id:98
id:103,id:169
id:266,id:242
id:102,id:296
id:257,id:280
id:66,id:56
id:94,id:80
id:59,id:186
id:143,id:227
id:69,id:67
id:239,id:322
id:142,id:31
id:332,id:331
id:313,id:315
id:177,id:225
id:72,id:113
id:324,id:136
id:50,id:314
id:269,id:58
id:277,id:175
id:40,id:280
id:178,id:88
id:346,id:196
id:21,id:332
id:325,id:265
id:342,id:98
id:148,id:50
id:170,id:128
id:141,id:291
id:200,id:67
id:161,id:339
id:9,id:105
id:324,id:22
id:108,id:36
id:119,id:271
id:280,id:252
id:21,id:142
id:94,id:320
id:45,id:122
id:1,id:48
id:136,id:56
id:67,id:109
id:123,id:186
id:115,id:140
id:26,id:122
id:199,id:238
id:227,id:68
id:322,id:323
id:203,id:9
id:200,id:199
id:116,id:149
id:185,id:103
id:115,id:262
id:30,id:9
id:276,id:98
id:341,id:322
id:274,id:21
id:98,id:261
id:142,id:277
id:21,id:239
id:211,id:56
id:80,id:300
id:186,id:59
id:315,id:313
id:196,id:330
id:194,id:180
id:242,id:249
id:257,id:25
id:276,id:9
id:304,id:224
id:204,id:130
id:277,id:57
id:96,id:190
id:345,id:285
id:230,id:307
id:56,id:203
id:204,id:92
id:141,id:199
id:150,id:163
id:247,id:29
id:25,id:104
id:242,id:53
id:186,id:203
id:56,id:122
id:246,id:339
id:223,id:172
id:73,id:48
id:185,id:322
id:50,id:113
id:276,id:236
id:282,id:244
id:31,id:308
id:211,id:272
id:148,id:113
id:211,id:128
id:184,id:281
id:344,id:104
id:338,id:203
id:29,id:118
id:176,id:26
id:55,id:170
id:69,id:26
id:277,id:332
id:338,id:252
id:271,id:25
id:213,id:345
id:304,id:203
id:72,id:232
id:48,id:73
id:127,id:21
id:56,id:238
id:208,id:188
id:312,id:14
id:72,id:56
id:40,id:231
id:98,id:325
id:127,id:281
id:122,id:142
id:319,id:89
id:242,id:266
id:266,id:80
id:328,id:4
id:322,id:128
id:94,id:315
id:21,id:203
id:339,id:129
id:172,id:98
id:48,id:88
id:188,id:56
id:199,id:325
id:317,id:132
id:170,id:304
id:274,id:75
id:248,id:67
id:186,id:45
id:161,id:87
id:291,id:188
id:25,id:148
id:277,id:325
id:86,id:225
id:211,id:13
id:100,id:323
id:246,id:315
id:21,id:105
id:170,id:342
id:226,id:28
id:334,id:132
id:190,id:23
id:322,id:118
id:199,id:239
id:318,id:261
id:188,id:67
id:113,id:271
id:297,id:188
id:264,id:91
id:326,id:28
id:113,id:26
id:339,id:87
id:104,id:186
id:346,id:101
id:236,id:62
id:239,id:122
id:199,id:172
id:67,id:272
id:347,id:129
id:188,id:291
id:127,id:108
id:25,id:252
id:272,id:9
id:233,id:256
id:326,id:116
id:26,id:334
id:239,id:26
id:333,id:149
id:133,id:40
id:197,id:272
id:104,id:200
id:84,id:224
id:223,id:271
id:302,id:24
id:242,id:204
id:188,id:239
id:342,id:211
id:85,id:322
id:125,id:119
id:272,id:211
id:239,id:313
id:45,id:200
id:303,id:322
id:103,id:285
id:5,id:180
id:297,id:322
id:199,id:56
id:196,id:266
id:195,id:4
id:238,id:203
id:142,id:161
id:347,id:168
id:67,id:62
id:315,id:203
id:170,id:268
id:128,id:271
id:111,id:310
id:62,id:142
id:14,id:151
id:313,id:60
id:92,id:94
id:21,id:277
id:48,id:203
id:180,id:48
id:29,id:252
id:40,id:334
id:239,id:119
id:252,id:103
id:104,id:25
id:333,id:343
id:36,id:135
id:257,id:344
id:203,id:170
id:248,id:252
id:303,id:221
id:56,id:9
id:59,id:252
id:327,id:89
id:186,id:62
id:85,id:271
id:161,id:62
id:265,id:67
id:175,id:86
id:272,id:236
id:236,id:88
id:329,id:150
id:99,id:68
id:106,id:169
id:325,id:172
id:156,id:67
id:17,id:310
id:180,id:187
id:119,id:199
id:82,id:118
id:166,id:202
id:95,id:319
id:172,id:29
id:178,id:30
id:332,id:203
id:130,id:300
id:342,id:63
id:113,id:67
id:277,id:55
id:284,id:197
id:324,id:332
id:272,id:285
id:142,id:285
id:131,id:227
id:322,id:246
id:62,id:67
id:204,id:53
id:5,id:204
id:271,id:276
id:338,id:31
id:20,id:2
id:275,id:195
id:1,id:299
id:308,id:21
id:188,id:30
id:55,id:239
id:261,id:123
id:98,id:280
id:161,id:26
id:203,id:186
id:2,id:226
id:242,id:180
id:31,id:200
id:119,id:208
id:297,id:280
id:142,id:104
id:269,id:119
id:346,id:127
id:7,id:38
id:67,id:345
id:271,id:322
id:22,id:277
id:332,id:324
id:82,id:56
id:272,id:297
id:252,id:325
id:155,id:157
id:69,id:25
id:20,id:115
id:133,id:271
id:9,id:128
id:168,id:7
id:236,id:271
id:53,id:191
id:231,id:232
id:19,id:293
id:158,id:339
id:84,id:82
id:53,id:54
id:275,id:78
id:203,id:268
id:144,id:151
id:64,id:171
id:4,id:306
id:237,id:51
id:55,id:56
id:185,id:119
id:13,id:236
id:199,id:128
id:277,id:120
id:297,id:203
id:346,id:272
id:108,id:320
id:178,id:345
id:213,id:272
id:82,id:148
id:221,id:285
id:56,id:334
id:200,id:55
id:56,id:136
id:326,id:162
id:181,id:275
id:56,id:298
id:147,id:95
id:185,id:22
id:212,id:172
id:67,id:9
id:13,id:148
id:54,id:1
id:40,id:271
id:239,id:109
id:304,id:109
id:109,id:158
id:343,id:111
id:271,id:277
id:261,id:313
id:249,id:266
id:236,id:69
id:25,id:72
id:276,id:271
id:306,id:275
id:222,id:118
id:315,id:322
id:112,id:19
id:142,id:9
id:133,id:236
id:9,id:334
id:146,id:50
id:329,id:332
id:268,id:118
id:304,id:257
id:186,id:285
id:169,id:318
id:101,id:187
id:291,id:31
id:20,id:226
id:300,id:346
id:291,id:258
id:148,id:25
id:150,id:329
id:62,id:239
id:142,id:323
id:186,id:67
id:82,id:13
id:94,id:24
id:119,id:109
id:44,id:312
id:276,id:200
id:313,id:98
id:53,id:317
id:26,id:271
id:297,id:9
id:67,id:323
id:168,id:22
id:170,id:290
id:329,id:197
id:226,id:312
id:59,id:261
id:56,id:60
id:232,id:21
id:194,id:204
id:169,id:26
id:30,id:322
id:21,id:119
id:302,id:330
id:237,id:84
id:243,id:167
id:109,id:331
id:175,id:19
id:323,id:3
id:30,id:200
id:67,id:196
id:121,id:206
id:271,id:141
id:308,id:246
id:324,id:301
id:172,id:271
id:324,id:150
id:148,id:229
id:226,id:41
id:297,id:323
id:28,id:326
id:104,id:26
id:116,id:312
id:9,id:85
id:9,id:199
id:92,id:187
id:320,id:300
id:331,id:118
id:21,id:88
id:55,id:277
id:76,id:270
id:218,id:273
id:62,id:323
id:158,id:304
id:69,id:304
id:291,id:7
id:324,id:119
id:17,id:116
id:87,id:246
id:109,id:322
id:108,id:281
id:30,id:73
id:186,id:200
id:249,id:194
id:342,id:172
id:54,id:329
id:25,id:141
id:188,id:26
id:315,id:323
id:25,id:297
id:242,id:158
id:119,id:188
id:108,id:184
id:26,id:176
id:203,id:308
id:342,id:21
id:44,id:111
id:142,id:303
id:138,id:19
id:339,id:148
id:324,id:213
id:285,id:164
id:265,id:331
id:323,id:341
id:299,id:180
id:242,id:80
id:285,id:117
id:252,id:123
id:51,id:83
id:214,id:116
id:252,id:322
id:161,id:258
id:248,id:21
id:56,id:212
id:217,id:119
id:236,id:280
id:116,id:140
id:325,id:59
id:320,id:108
id:186,id:170
id:257,id:272
id:53,id:332
id:295,id:212
id:13,id:223
id:265,id:239
id:334,id:165
id:254,id:330
id:223,id:199
id:21,id:136
id:174,id:19
id:213,id:96
id:9,id:280
id:315,id:98
id:129,id:31
id:251,id:281
id:88,id:164
id:240,id:23
id:325,id:26
id:285,id:277
id:98,id:128
id:224,id:332
id:297,id:200
id:29,id:231
id:130,id:204
id:1,id:88
id:221,id:322
id:98,id:59
id:315,id:128
id:54,id:313
id:164,id:88
id:87,id:213
id:334,id:277
id:272,id:185
id:309,id:281
id:122,id:280
id:331,id:271
id:119,id:280
id:22,id:87
id:119,id:128
id:158,id:82
id:271,id:142
id:323,id:285
id:103,id:136
id:204,id:249
id:227,id:23
id:329,id:106
id:341,id:56
id:226,id:14
id:197,id:36
id:262,id:115
id:334,id:304
id:265,id:223
id:44,id:20
id:272,id:271
id:67,id:200
id:169,id:236
id:149,id:2
id:341,id:274
id:315,id:26
id:56,id:30
id:325,id:239
id:31,id:129
id:130,id:73
id:95,id:89
id:186,id:21
id:325,id:211
id:57,id:80
id:206,id:178
id:322,id:62
id:226,id:116
id:77,id:40
id:31,id:338
id:325,id:200
id:109,id:252
id:67,id:332
id:181,id:195
id:161,id:9
id:88,id:106
id:136,id:304
id:170,id:260
id:130,id:88
id:80,id:92
id:322,id:88
id:53,id:204
id:91,id:110
id:14,id:116
id:188,id:342
id:194,id:249
id:53,id:330
id:67,id:252
id:172,id:118
id:20,id:41
id:248,id:200
id:308,id:338
id:197,id:108
id:96,id:224
id:98,id:272
id:211,id:222
id:150,id:64
id:224,id:67
id:304,id:98
id:310,id:137
id:132,id:158
id:105,id:21
id:21,id:308
id:219,id:319
id:245,id:8
id:308,id:7
id:265,id:325
id:315,id:121
id:41,id:115
id:284,id:281
id:106,id:231
id:169,id:315
id:67,id:325
id:26,id:55
id:156,id:188
id:101,id:194
id:277,id:170
id:258,id:188
id:19,id:174
id:304,id:334
id:271,id:331
id:239,id:67
id:222,id:199
id:332,id:208
id:312,id:305
id:328,id:218
id:110,id:259
id:170,id:271
id:66,id:67
id:341,id:188
id:200,id:9
id:199,id:113
id:67,id:271
id:134,id:67
id:115,id:116
id:94,id:254
id:227,id:86
id:67,id:26
id:39,id:141
id:118,id:342
id:220,id:115
id:261,id:297
id:252,id:82
id:189,id:100
id:339,id:334
id:218,id:275
id:313,id:261
id:101,id:266
id:101,id:302
id:49,id:192
id:59,id:325
id:169,id:21
id:67,id:280
id:134,id:252
id:30,id:236
id:322,id:308
id:119,id:82
id:100,id:217
id:111,id:20
id:122,id:123
id:94,id:180
id:346,id:300
id:322,id:21
id:293,id:19
id:56,id:199
id:203,id:56
id:314,id:82
id:158,id:22
id:118,id:172
id:239,id:169
id:223,id:342
id:184,id:36
id:311,id:325
id:208,id:291
id:56,id:222
id:239,id:295
id:56,id:313
id:272,id:277
id:199,id:134
id:9,id:119
id:88,id:80
id:185,id:280
id:331,id:203
id:310,id:111
id:25,id:199
id:200,id:113
id:184,id:57
id:72,id:291
id:285,id:303
id:299,id:92
id:56,id:211
id:322,id:9
id:13,id:313
id:322,id:276
id:334,id:9
id:5,id:187
id:119,id:26
id:60,id:291
id:89,id:95
id:9,id:156
id:337,id:111
id:141,id:304
id:322,id:158
id:28,id:226
id:203,id:325
id:200,id:276
id:176,id:25
id:7,id:65
id:21,id:235
id:129,id:291
id:204,id:266
id:252,id:265
id:64,id:119
id:119,id:125
id:119,id:325
id:73,id:130
id:9,id:66
id:142,id:109
id:213,id:53
id:271,id:119
id:99,id:102
id:280,id:105
id:251,id:135
id:312,id:220
id:186,id:236
id:277,id:98
id:120,id:277
id:26,id:304
id:315,id:280
id:1,id:92
id:144,id:17
id:239,id:55
id:339,id:31
id:5,id:315
id:252,id:25
id:125,id:169
id:224,id:213
id:99,id:23
id:136,id:122
id:236,id:121
id:56,id:277
id:82,id:170
id:265,id:238
id:41,id:17
id:88,id:322
id:325,id:304
id:332,id:291
id:313,id:170
id:199,id:291
id:280,id:122
id:324,id:199
id:188,id:9
id:132,id:45
id:130,id:25
id:75,id:304
id:291,id:169
id:6,id:147
id:194,id:254
id:142,id:170
id:21,id:121
id:8,id:264
id:88,id:303
id:271,id:170
id:48,id:80
id:25,id:280
id:94,id:92
id:299,id:249
id:175,id:277
id:113,id:25
id:186,id:128
id:104,id:188
id:302,id:315
id:334,id:169
id:304,id:272
id:313,id:342
id:203,id:261
id:118,id:324
id:30,id:329
id:310,id:151
id:303,id:132
id:153,id:280
id:303,id:285
id:264,id:8
id:105,id:257
id:199,id:186
id:224,id:9
id:25,id:291
id:104,id:169
id:274,id:40
id:339,id:313
id:122,id:31
id:308,id:323
id:186,id:221
id:40,id:315
id:224,id:276
id:161,id:271
id:111,id:17
id:252,id:186
id:203,id:285
id:189,id:64
id:203,id:118
id:338,id:308
id:308,id:87
id:280,id:315
id:169,id:122
id:67,id:128
id:178,id:322
id:156,id:122
id:194,id:92
id:280,id:142
id:26,id:40
id:307,id:230
id:204,id:57
id:248,id:119
id:104,id:325
id:186,id:239
id:189,id:150
id:128,id:252
id:136,id:169
id:132,id:119
id:199,id:9
id:150,id:189
id:128,id:170
id:239,id:261
id:308,id:26
id:26,id:69
id:122,id:203
id:36,id:184
id:293,id:174
id:277,id:159
id:115,id:343
id:41,id:116
id:315,id:324
id:280,id:239
id:251,id:21
id:26,id:315
id:169,id:104
id:53,id:213
id:199,id:40
id:109,id:21
id:236,id:257
id:25,id:277
id:339,id:22
id:186,id:322
id:236,id:13
id:313,id:118
id:285,id:185
id:332,id:200
id:142,id:134
id:252,id:315
id:296,id:99
id:36,id:108
id:40,id:329
id:212,id:232
id:217,id:64
id:53,id:101
id:170,id:200
id:118,id:199
id:122,id:200
id:271,id:236
id:130,id:257
id:118,id:65
id:322,id:257
id:75,id:67
id:161,id:277
id:291,id:158
id:77,id:332
id:143,id:68
id:3,id:67
id:297,id:65
id:342,id:118
id:167,id:32
id:214,id:137
id:132,id:315
id:26,id:298
id:98,id:141
id:64,id:189
id:259,id:110
id:19,id:214
id:25,id:200
id:265,id:298
id:24,id:101
id:119,id:13
id:238,id:211
id:56,id:231
id:75,id:56
id:143,id:225
id:234,id:239
id:330,id:204
id:172,id:261
id:62,id:170
id:345,id:186
id:127,id:251
id:25,id:88
id:304,id:75
id:136,id:308
id:38,id:248
id:261,id:314
id:186,id:188
id:200,id:271
id:56,id:342
id:200,id:285
id:200,id:26
id:9,id:170
id:122,id:261
id:105,id:236
id:4,id:152
id:204,id:329
id:139,id:251
id:62,id:223
id:40,id:72
id:285,id:196
id:96,id:213
id:118,id:13
id:91,id:245
id:26,id:276
id:158,id:142
id:315,id:329
id:271,id:185
id:67,id:104
id:200,id:280
id:180,id:24
id:101,id:53
id:115,id:41
id:185,id:25
id:13,id:67
id:213,id:315
id:68,id:227
id:186,id:323
id:213,id:128
id:67,id:213
id:214,id:41
id:9,id:342
id:252,id:199
id:24,id:299
id:318,id:123
id:92,id:204
id:122,id:25
id:297,id:252
id:100,id:269
id:56,id:72
id:261,id:211
id:322,id:75
id:122,id:55
id:154,id:219
id:236,id:303
id:75,id:323
id:26,id:161
id:21,id:236
id:249,id:304
id:344,id:185
id:344,id:212
id:14,id:28
id:13,id:252
id:178,id:303
id:211,id:103
id:60,id:239
id:186,id:104
id:203,id:342
id:8,id:259
id:271,id:199
id:342,id:165
id:82,id:314
id:7,id:322
id:322,id:242
id:123,id:26
id:211,id:342
id:13,id:82
id:187,id:346
id:322,id:329
id:113,id:313
id:261,id:122
id:104,id:203
id:198,id:166
id:142,id:56
id:116,id:144
id:295,id:26
id:169,id:185
id:211,id:285
id:344,id:67
id:84,id:237
id:329,id:16
id:122,id:303
id:53,id:249
id:122,id:56
id:67,id:13
id:82,id:199
id:48,id:330
id:346,id:130
id:40,id:169
id:109,id:203
id:152,id:275
id:59,id:250
id:68,id:143
id:180,id:242
id:296,id:175
id:101,id:330
id:165,id:113
id:126,id:260
id:21,id:271
id:17,id:41
id:82,id:59
id:342,id:261
id:297,id:56
id:142,id:334
id:291,id:87
id:342,id:314
id:178,id:231
id:109,id:303
id:128,id:213
id:72,id:272
id:342,id:277
id:321,id:175
id:271,id:176
id:144,id:116
id:48,id:180
id:322,id:104
id:298,id:271
id:21,id:281
id:67,id:277
id:343,id:19
id:221,id:303
id:134,id:304
id:132,id:303
id:304,id:122
id:285,id:221
id:315,id:302
id:304,id:56
id:26,id:128
id:204,id:242
id:32,id:167
id:41,id:144
id:101,id:204
id:182,id:97
id:111,id:214
id:261,id:118
id:329,id:27
id:295,id:9
id:148,id:339
id:346,id:53
id:88,id:1
id:67,id:344
id:172,id:199
id:188,id:277
id:197,id:284
id:103,id:56
id:185,id:297
id:213,id:122
id:53,id:266
id:101,id:94
id:67,id:72
id:266,id:101
id:315,id:56
id:280,id:291
id:304,id:67
id:20,id:312
id:332,id:16
id:252,id:122
id:9,id:113
id:79,id:188
id:26,id:118
id:56,id:40
id:277,id:213
id:330,id:266
id:204,id:80
id:13,id:239
id:113,id:325
id:211,id:29
id:141,id:40
id:118,id:56
id:91,id:259
id:280,id:67
id:94,id:300
id:67,id:21
id:137,id:214
id:50,id:203
id:168,id:291
id:31,id:83
id:196,id:92
id:213,id:161
id:254,id:204
id:303,id:122
id:227,id:102
id:291,id:252
id:186,id:142
id:331,id:16
id:277,id:26
id:312,id:44
id:93,id:310
id:196,id:346
id:266,id:254
id:148,id:272
id:13,id:342
id:169,id:332
id:4,id:195
id:80,id:299
id:26,id:98
id:127,id:139
id:223,id:200
id:113,id:72
id:213,id:40
id:204,id:346
id:113,id:172
id:261,id:345
id:303,id:345
id:309,id:127
id:165,id:169
id:236,id:272
id:103,id:98
id:310,id:167
id:227,id:296
id:325,id:268
id:332,id:252
id:285,id:304
id:186,id:213
id:239,id:25
id:169,id:277
id:334,id:188
id:134,id:203
id:89,id:319
id:325,id:223
id:119,id:50
id:329,id:308
id:79,id:26
id:336,id:25
id:9,id:79
id:261,id:98
id:21,id:272
id:314,id:50
id:106,id:88
id:140,id:17
id:299,id:254
id:82,id:261
id:203,id:334
id:19,id:17
id:26,id:236
id:170,id:285
id:161,id:199
id:104,id:113
id:1,id:280
id:232,id:224
id:39,id:121
id:53,id:24
id:277,id:291
id:169,id:5
id:67,id:134
id:346,id:92
id:322,id:250
id:322,id:339
id:45,id:142
id:277,id:334
id:141,id:62
id:1,id:119
id:115,id:326
id:189,id:119
id:180,id:194
id:223,id:98
id:236,id:304
id:203,id:265
id:339,id:277
id:277,id:188
id:304,id:239
id:26,id:188
id:40,id:304
id:26,id:79
id:232,id:9
id:271,id:40
id:308,id:22
id:200,id:304
id:312,id:17
id:50,id:146
id:280,id:26
id:137,id:115
id:257,id:295
id:103,id:25
id:49,id:241
id:170,id:332
id:56,id:290
id:40,id:29
id:329,id:130
id:313,id:271
id:56,id:276
id:122,id:3
id:41,id:14
id:23,id:190
id:118,id:277
id:108,id:159
id:315,id:223
id:285,id:9
id:118,id:304
id:8,id:201
id:277,id:339
id:332,id:122
id:227,id:143
id:212,id:40
id:57,id:24
id:56,id:322
id:186,id:222
id:40,id:141
id:310,id:41
id:196,id:194
id:271,id:285
id:41,id:151
id:261,id:239
id:320,id:272
id:123,id:200
id:50,id:119
id:67,id:322
id:272,id:213
id:56,id:104
id:103,id:7
id:170,id:82
id:328,id:78
id:41,id:137
id:280,id:141
id:223,id:315
id:79,id:67
id:203,id:272
id:334,id:203
id:313,id:252
id:119,id:150
id:229,id:334
id:309,id:184
id:229,id:109
id:67,id:25
id:187,id:254
id:170,id:185
id:110,id:8
id:268,id:325
id:81,id:269
id:104,id:122
id:141,id:26
id:25,id:272
id:200,id:56
id:158,id:113
id:159,id:277
id:109,id:142
id:212,id:252
id:29,id:16
id:304,id:271
id:310,id:93
id:315,id:105
id:332,id:119
id:284,id:251
id:244,id:282
id:102,id:99
id:322,id:252
id:261,id:203
id:150,id:171
id:85,id:3
id:341,id:304
id:195,id:275
id:122,id:272
id:232,id:276
id:236,id:122
id:330,id:92
id:104,id:142
id:186,id:277
id:332,id:231
id:99,id:278
id:77,id:117
id:324,id:252
id:122,id:170
id:82,id:121
id:331,id:211
id:236,id:224
id:156,id:136
id:159,id:320
id:19,id:115
id:277,id:208
id:249,id:346
id:136,id:120
id:50,id:331
id:281,id:320
id:200,id:297
id:337,id:41
id:290,id:322
id:242,id:101
id:325,id:122
id:30,id:331
id:212,id:199
id:119,id:331
id:294,id:277
id:40,id:274
id:308,id:213
id:252,id:79
id:9,id:26
id:109,id:104
id:40,id:224
id:144,id:41
id:98,id:315
id:158,id:242
id:180,id:196
id:122,id:342
id:169,id:142
id:147,id:319
id:166,id:198
id:151,id:41
id:40,id:158
id:271,id:239
id:315,id:257
id:67,id:304
id:99,id:263
id:323,id:332
id:254,id:346
id:312,id:115
id:132,id:277
id:324,id:238
id:67,id:265
id:248,id:311
id:322,id:30
id:109,id:229
id:230,id:71
id:223,id:246
id:159,id:345
id:56,id:291
id:253,id:182
id:20,id:162
id:94,id:187
id:67,id:303
id:170,id:124
id:130,id:322
id:272,id:40
id:115,id:20
id:195,id:218
id:302,id:249
id:142,id:297
id:281,id:21
id:252,id:26
id:14,id:144
id:140,id:214
id:214,id:14
id:32,id:310
id:130,id:53
id:171,id:119
id:225,id:99
id:330,id:299
id:222,id:313
id:21,id:165
id:304,id:280
id:238,id:59
id:302,id:346
id:267,id:23
id:312,id:137
id:98,id:265
id:203,id:50
id:308,id:136
id:342,id:170
id:338,id:29
id:143,id:46
id:315,id:211
id:98,id:252
id:231,id:172
id:325,id:40
id:285,id:186
id:239,id:123
id:239,id:66
id:171,id:189
id:277,id:252
id:226,id:326
id:274,id:122
id:122,id:161
id:281,id:272
id:280,id:25
id:249,id:101
id:239,id:60
id:214,id:326
id:325,id:199
id:186,id:56
id:246,id:223
id:148,id:176
id:315,id:132
id:330,id:53
id:290,id:280
id:36,id:284
id:104,id:21
id:284,id:135
id:310,id:337
id:25,id:51
id:277,id:67
id:325,id:158
id:68,id:263
id:113,id:277
id:100,id:163
id:19,id:138
id:320,id:135
id:314,id:96
id:211,id:118
id:297,id:142
id:251,id:197
id:40,id:142
id:26,id:291
id:39,id:21
id:9,id:72
id:320,id:159
id:144,id:28
id:232,id:133
id:252,id:308
id:118,id:29
id:25,id:3
id:27,id:119
id:25,id:283
id:26,id:141
id:228,id:283
id:343,id:116
id:131,id:278
id:169,id:9
id:345,id:21
id:5,id:87
id:57,id:48
id:222,id:56
id:172,id:72
id:304,id:26
id:53,id:180
id:261,id:67
id:177,id:227
id:224,id:148
id:65,id:82
id:249,id:299
id:113,id:239
id:141,id:98
id:127,id:272
id:113,id:203
id:165,id:200
id:223,id:239
id:271,id:261
id:342,id:265
id:329,id:322
id:26,id:200
id:302,id:53
id:203,id:29
id:275,id:181
id:17,id:111
id:56,id:304
id:82,id:172
id:277,id:22
id:119,id:269
id:169,id:125
id:111,id:41
id:172,id:103
id:122,id:344
id:268,id:82
id:313,id:146
id:161,id:322
id:314,id:236
id:332,id:109
id:252,id:66
id:59,id:203
id:172,id:82
id:322,id:345
id:2,id:312
id:313,id:285
id:300,id:299
id:269,id:81
id:25,id:188
id:128,id:248
id:85,id:170
id:132,id:311
id:203,id:238
id:254,id:53
id:332,id:10
id:25,id:84
id:3,id:283
id:92,id:196
id:299,id:101
id:202,id:166
id:119,id:163
id:172,id:265
id:146,id:339
id:303,id:56
id:315,id:185
id:315,id:246
id:231,id:40
id:41,id:214
id:25,id:40
id:322,id:170
id:26,id:123
id:172,id:13
id:142,id:21
id:25,id:336
id:131,id:143
id:323,id:258
id:142,id:123
id:324,id:331
id:202,id:329
id:252,id:128
id:9,id:134
id:122,id:252
id:113,id:148
id:65,id:118
id:322,id:178
id:141,id:276
id:9,id:142
id:277,id:272
id:273,id:181
id:200,id:25
id:346,id:24
id:297,id:324
id:109,id:285
id:105,id:69
id:98,id:26
id:188,id:21
id:25,id:9
id:1,id:126
id:170,id:26
id:113,id:200
id:158,id:25
id:323,id:322
id:122,id:224
id:94,id:249
id:271,id:211
id:276,id:133
id:329,id:9
id:331,id:30
id:110,id:91
id:249,id:94
id:203,id:239
id:203,id:109
id:290,id:342
id:339,id:246
id:73,id:30
id:117,id:285
id:315,id:136
id:167,id:137
id:242,id:24
id:5,id:316
id:23,id:83
id:271,id:297
id:242,id:254
id:217,id:171
id:109,id:169
id:146,id:285
id:180,id:266
id:78,id:306
id:242,id:132
id:277,id:285
id:285,id:60
id:271,id:59
id:30,id:271
id:224,id:322
id:299,id:330
id:162,id:20
id:236,id:276
id:67,id:3
id:326,id:226
id:342,id:313
id:265,id:342
id:122,id:235
id:55,id:67
id:329,id:320
id:51,id:25
id:28,id:140
id:88,id:336
id:273,id:218
id:21,id:188
id:21,id:280
id:87,id:322
id:337,id:32
id:252,id:272
id:113,id:304
id:24,id:94
id:213,id:324
id:40,id:277
id:322,id:109
id:315,id:285
id:341,id:203
id:21,id:334
id:136,id:322
id:181,id:328
id:119,id:229
id:304,id:113
id:40,id:317
id:342,id:290
id:41,id:226
id:98,id:170
id:251,id:320
id:304,id:332
id:271,id:128
id:67,id:185
id:66,id:9
id:30,id:213
id:188,id:75
id:231,id:106
id:172,id:212
id:135,id:284
id:307,id:40
id:56,id:188
id:204,id:254
id:123,id:318
id:161,id:39
id:57,id:108
id:25,id:285
id:146,id:136
id:41,id:140
id:80,id:346
id:101,id:249
id:40,id:239
id:285,id:119
id:133,id:26
id:51,id:23
id:169,id:128
id:281,id:197
id:322,id:26
id:7,id:31
id:49,id:255
id:62,id:199
id:119,id:9
id:274,id:96
id:136,id:21
id:140,id:312
id:285,id:122
id:4,id:275
id:101,id:346
id:239,id:56
id:314,id:313
id:113,id:121
id:176,id:271
id:322,id:186
id:25,id:39
id:203,id:315
id:259,id:193
id:197,id:21
id:140,id:41
id:139,id:197
id:167,id:337
id:345,id:303
id:319,id:147
id:304,id:168
id:172,id:308
id:304,id:9
id:81,id:286
id:120,id:136
id:21,id:26
id:266,id:204
id:226,id:20
id:203,id:119
id:199,id:82
id:225,id:177
id:211,id:238
id:67,id:10
id:122,id:236
id:252,id:72
id:227,id:225
id:252,id:31
id:146,id:148
id:224,id:25
id:56,id:200
id:317,id:101
id:342,id:203
id:315,id:9
id:346,id:249
id:203,id:104
id:148,id:105
id:188,id:290
id:148,id:82
id:322,id:315
id:277,id:280
id:341,id:62
id:9,id:277
id:7,id:103
id:135,id:184
id:122,id:188
id:277,id:25
id:79,id:252
id:196,id:53
id:325,id:277
id:257,id:39
id:332,id:169
id:21,id:197
id:4,id:218
id:133,id:188
id:271,id:272
id:102,id:263
id:53,id:146
id:118,id:82
id:200,id:31
id:199,id:25
id:151,id:144
id:57,id:346
id:211,id:261
id:218,id:195
id:186,id:26
id:252,id:285
id:200,id:224
id:72,id:9
id:7,id:168
id:322,id:260
id:128,id:122
id:272,id:281
id:98,id:25
id:337,id:93
id:291,id:232
id:272,id:75
id:277,id:50
id:84,id:83
id:211,id:239
id:79,id:25
id:258,id:161
id:343,id:41
id:271,id:325
id:324,id:304
id:82,id:313
id:192,id:205
id:122,id:325
id:323,id:56
id:304,id:66
id:285,id:211
id:212,id:295
id:123,id:82
id:26,id:332
id:315,id:288
id:248,id:122
id:94,id:204
id:136,id:146
id:134,id:21
id:242,id:299
id:239,id:277
id:290,id:188
id:328,id:195
id:339,id:152
id:26,id:158
id:342,id:113
id:268,id:203
id:214,id:115
id:7,id:347
id:311,id:277
id:186,id:123
id:239,id:338
id:177,id:99
id:169,id:113
id:93,id:337
id:159,id:184
id:67,id:313
id:109,id:295
id:29,id:40
id:55,id:261
id:56,id:21
id:315,id:236
id:57,id:184
id:122,id:332
id:301,id:47
id:165,id:39
id:185,id:200
id:180,id:204
id:312,id:343
id:98,id:186
id:9,id:224
id:61,id:23
id:254,id:249
id:271,id:265
id:115,id:220
id:133,id:183
id:103,id:172
id:122,id:304
id:98,id:82
id:334,id:308
id:22,id:168
id:190,id:96
id:334,id:50
id:109,id:271
id:252,id:223
id:315,id:170
id:185,id:56
id:26,id:62
id:211,id:223
id:122,id:271
id:14,id:312
id:9,id:56
id:224,id:133
id:268,id:59
id:223,id:261
id:147,id:6
id:275,id:4
id:325,id:56
id:246,id:213
id:285,id:56
id:309,id:197
id:238,id:199
id:272,id:148
id:272,id:156
id:75,id:188
id:75,id:170
id:325,id:119
id:62,id:122
id:168,id:129
id:158,id:67
id:170,id:67
id:108,id:272
id:93,id:137
id:254,id:299
id:55,id:122
id:277,id:304
id:9,id:148
id:320,id:36
id:180,id:254
id:94,id:299
id:272,id:258
id:271,id:9
id:172,id:329
id:274,id:323
id:115,id:192
id:172,id:26
id:246,id:322
id:295,id:109
id:184,id:320
id:252,id:56
id:69,id:9
id:137,id:17
id:322,id:199
id:5,id:213
id:82,id:325
id:98,id:119
id:87,id:339
id:277,id:294
id:200,id:325
id:149,id:343
id:137,id:93
id:332,id:271
id:289,id:214
id:252,id:59
id:118,id:252
id:48,id:119
id:122,id:21
id:188,id:252
id:285,id:342
id:245,id:259
id:195,id:273
id:141,id:239
id:224,id:271
id:193,id:259
id:224,id:26
id:25,id:31
id:40,id:265
id:55,id:26
id:231,id:332
id:85,id:274
id:271,id:315
id:239,id:200
id:165,id:334
id:319,id:6
id:322,id:188
id:200,id:165
id:158,id:325
id:103,id:252
id:118,id:161
id:302,id:242
id:329,id:178
id:199,id:67
id:315,id:339
id:67,id:223
id:26,id:297
id:25,id:271
id:239,id:13
id:322,id:280
id:261,id:82
id:28,id:115
id:98,id:118
id:271,id:113
id:266,id:194
id:67,id:239
id:10,id:291
id:113,id:9
id:304,id:252
id:272,id:25
id:178,id:206
id:222,id:238
id:322,id:232
id:103,id:200
id:239,id:199
id:304,id:211
id:21,id:40
id:19,id:289
id:186,id:252
id:41,id:28
id:213,id:332
id:172,id:332
id:188,id:274
id:284,id:329
id:227,id:263
id:285,id:261
id:187,id:94
id:21,id:159
id:73,id:25
id:200,id:104
id:325,id:342
id:104,id:128
id:119,id:277
id:213,id:277
id:314,id:161
id:214,id:333
id:232,id:280
id:121,id:169
id:342,id:271
id:331,id:186
id:252,id:104
id:122,id:169
id:325,id:25
id:239,id:344
id:62,id:322
id:84,id:265
id:67,id:56
id:302,id:204
id:25,id:105
id:225,id:175
id:238,id:134
id:26,id:170
id:304,id:277
id:82,id:67
id:237,id:23
id:21,id:13
id:242,id:322
id:226,id:144
id:342,id:188
id:246,id:308
id:200,id:324
id:298,id:56
id:121,id:236
id:119,id:239
id:31,id:109
id:19,id:112
id:302,id:187
id:319,id:219
id:239,id:176
id:67,id:169
id:263,id:102
id:192,id:52
id:258,id:295
id:238,id:261
id:39,id:105
id:212,id:56
id:203,id:26
id:75,id:272
id:329,id:280
id:113,id:98
id:272,id:98
id:236,id:213
id:313,id:56
id:291,id:199
id:223,id:67
id:40,id:272
id:4,id:328
id:131,id:177
id:169,id:257
id:67,id:236
id:170,id:322
id:188,id:142
id:136,id:87
id:20,id:149
id:119,id:297
id:340,id:324
id:151,id:310
id:188,id:224
id:47,id:301
id:228,id:3
id:58,id:107
id:142,id:40
id:237,id:25
id:127,id:320
id:142,id:308
id:187,id:80
id:245,id:91
id:204,id:101
id:304,id:7
id:65,id:25
id:62,id:318
id:346,id:302
id:345,id:252
id:304,id:134
id:313,id:325
id:232,id:199
id:147,id:219
id:21,id:104
id:55,id:186
id:67,id:308
id:13,id:271
id:63,id:56
id:95,id:147
id:127,id:309
id:40,id:77
id:188,id:3
id:21,id:98
id:236,id:21
id:221,id:56
id:21,id:251
id:330,id:196
id:304,id:200
id:271,id:13
id:180,id:5
id:40,id:212
id:284,id:320
id:113,id:165
id:312,id:214
id:252,id:119
id:118,id:271
id:235,id:122
id:25,id:224
id:322,id:239
id:59,id:98
id:52,id:192
id:264,id:259
id:285,id:109
id:172,id:16
id:100,id:64
id:21,id:122
id:106,id:238
id:222,id:325
id:318,id:236
id:132,id:40
id:67,id:324
id:75,id:274
id:40,id:21
id:323,id:290
id:126,id:73
id:200,id:239
id:123,id:142
id:26,id:239
id:322,id:142
id:312,id:20
id:213,id:30
id:162,id:312
id:170,id:21
id:66,id:239
id:239,id:170
id:59,id:211
id:136,id:213
id:61,id:193
id:204,id:277
id:98,id:258
id:217,id:324
id:2,id:149
id:291,id:129
id:280,id:271
id:199,id:252
id:160,id:260
id:272,id:239
id:128,id:334
id:331,id:119
id:315,id:271
id:26,id:133
id:80,id:249
id:186,id:303
id:169,id:121
id:223,id:188
id:278,id:175
id:285,id:10
id:130,id:62
id:109,id:314
id:243,id:337
id:276,id:232
id:196,id:204
id:88,id:56
id:231,id:213
id:71,id:230
id:122,id:186
id:161,id:314
id:165,id:342
id:16,id:82
id:252,id:98
id:94,id:266
id:84,id:25
id:342,id:199
id:161,id:122
id:325,id:67
id:324,id:315
id:266,id:187
id:17,id:19
id:20,id:326
id:122,id:26
id:169,id:239
id:277,id:10
id:200,id:79
id:291,id:56
id:271,id:26
id:21,id:322
id:170,id:25
id:296,id:263
id:130,id:191
id:299,id:242
id:20,id:111
id:67,id:248
id:345,id:261
id:109,id:304
id:311,id:132
id:263,id:296
id:213,id:322
id:23,id:99
id:313,id:13
id:6,id:219
id:128,id:172
id:236,id:322
id:298,id:72
id:25,id:56
id:304,id:40
id:346,id:242
id:199,id:314
id:25,id:122
id:83,id:84
id:67,id:285
id:289,id:19
id:30,id:188
id:121,id:280
id:133,id:280
id:80,id:213
id:172,id:304
id:277,id:200
id:346,id:80
id:16,id:118
id:119,id:100
id:252,id:142
id:347,id:304
id:25,id:331
id:320,id:94
id:99,id:131
id:159,id:272
id:23,id:51
id:299,id:53
id:45,id:186
id:227,id:278
id:146,id:317
id:249,id:330
id:212,id:72
id:332,id:56
id:200,id:118
id:139,id:284
id:274,id:3
id:9,id:329
id:19,id:343
id:116,id:343
id:25,id:239
id:333,id:226
id:26,id:185
id:92,id:266
id:334,id:67
id:226,id:149
id:99,id:227
id:246,id:340
id:59,id:82
id:130,id:213
id:334,id:40
id:199,id:298
id:132,id:334
id:245,id:23
id:94,id:242
id:62,id:98
id:188,id:113
id:28,id:41
id:201,id:91
id:306,id:78
id:113,id:50
id:67,id:45
id:142,id:62
id:285,id:98
id:56,id:303
id:150,id:100
id:239,id:213
id:119,id:64
id:261,id:238
id:135,id:320
id:84,id:304
id:109,id:122
id:277,id:315
id:252,id:67
id:313,id:211
id:181,id:78
id:13,id:21
id:277,id:132
id:21,id:323
id:121,id:21
id:265,id:84
id:231,id:29
id:203,id:172
id:185,id:285
id:142,id:332
id:304,id:199
id:184,id:127
id:109,id:50
id:249,id:242
id:315,id:231
id:332,id:48
id:4,id:273
id:65,id:297
id:182,id:253
id:252,id:271
id:312,id:162
id:266,id:24
id:194,id:94
id:36,id:281
id:28,id:116
id:299,id:73
id:277,id:311
id:322,id:277
id:272,id:127
id:197,id:329
id:213,id:204
id:313,id:113
id:323,id:280
id:257,id:40
id:258,id:40
id:89,id:327
id:121,id:69
id:261,id:224
id:87,id:308
id:39,id:165
id:139,id:127
id:305,id:312
id:280,id:257
id:320,id:57
id:332,id:172
id:108,id:57
id:322,id:38
id:62,id:261
id:116,id:214
id:88,id:126
id:163,id:119
id:313,id:314
id:315,id:67
id:14,id:149
id:199,id:324
id:252,id:169
id:135,id:251
id:204,id:330
id:40,id:307
id:329,id:202
id:66,id:142
id:113,id:291
id:191,id:130
id:256,id:233
id:322,id:126
id:186,id:325
id:128,id:150
id:304,id:347
id:333,id:214
id:308,id:334
id:252,id:172
id:28,id:14
id:318,id:169
id:38,id:117
id:80,id:173
id:21,id:31
id:25,id:270
id:25,id:21
id:322,id:87
id:285,id:142
id:141,id:271
id:134,id:113
id:173,id:80
id:329,id:54
id:285,id:345
id:29,id:172
id:103,id:323
id:272,id:122
id:72,id:67
id:57,id:242
id:194,id:24
id:236,id:315
id:230,id:253
id:199,id:231
id:252,id:345
id:95,id:6
id:116,id:226
id:82,id:98
id:162,id:116
id:323,id:271
id:297,id:261
id:9,id:169
id:239,id:113
id:323,id:170
id:136,id:125
id:341,id:170
id:161,id:304
id:72,id:172
id:84,id:276
id:9,id:315
id:118,id:67
id:67,id:113
id:54,id:53
id:304,id:141
id:159,id:108
id:99,id:177
id:280,id:21
id:213,id:249
id:203,id:142
id:170,id:313
id:13,id:56
id:109,id:148
id:258,id:85
id:285,id:232
id:277,id:119
id:320,id:329
id:322,id:285
id:31,id:252
id:344,id:311
id:313,id:39
id:53,id:130
id:170,id:203
id:94,id:25
id:330,id:48
id:303,id:142
id:323,id:9
id:173,id:34
id:276,id:62
id:62,id:341
id:26,id:13
id:137,id:32
id:98,id:291
id:268,id:271
id:345,id:315
id:304,id:69
id:226,id:115
id:180,id:94
id:151,id:312
id:175,id:225
id:325,id:113
id:343,id:333
id:296,id:227
id:54,id:119
id:109,id:13
id:122,id:277
id:71,id:307
id:123,id:104
id:329,id:315
id:141,id:38
id:104,id:344
id:67,id:170
id:281,id:127
id:99,id:143
id:99,id:175
id:156,id:5
id:291,id:60
id:142,id:113
id:10,id:285
id:148,id:9
id:117,id:280
id:137,id:289
id:169,id:291
id:172,id:113
id:23,id:240
id:343,id:326
id:320,id:251
id:214,id:17
id:129,id:339
id:291,id:315
id:117,id:38
id:314,id:271
id:92,id:299
id:98,id:67
id:122,id:5
id:122,id:176
id:116,id:41
id:291,id:248
id:291,id:141
id:214,id:289
id:281,id:36
id:21,id:123
id:261,id:148
id:6,id:319
id:291,id:208
id:271,id:290
id:100,id:119
id:185,id:9
id:16,id:329
id:185,id:67
id:118,id:134
id:346,id:57
id:223,id:13
id:60,id:322
id:297,id:119
id:118,id:109
id:30,id:224
id:224,id:236
id:261,id:13
id:203,id:223
id:175,id:68
id:28,id:149
id:313,id:82
id:194,id:187
id:119,id:113
id:79,id:271
id:239,id:188
id:188,id:297
id:118,id:322
id:168,id:158
id:271,id:224
id:108,id:127
id:40,id:203
id:212,id:26
id:252,id:250
id:284,id:139
id:29,id:203
id:101,id:254
id:21,id:248
id:196,id:254
id:25,id:69
id:290,id:185
id:232,id:26
id:128,id:186
id:213,id:224
id:252,id:9
id:248,id:158
id:9,id:186
id:277,id:109
id:283,id:228
id:180,id:101
id:322,id:207
id:105,id:39
id:158,id:132
id:249,id:196
id:200,id:334
id:103,id:185
id:236,id:141
id:102,id:227
id:211,id:59
id:326,id:41
id:25,id:185
id:148,id:146
id:271,id:148
id:16,id:29
id:106,id:329
id:115,id:144
id:104,id:45
id:268,id:211
id:56,id:170
id:252,id:21
id:56,id:186
id:115,id:17
id:224,id:96
id:297,id:272
id:323,id:239
id:169,id:280
id:271,id:169
id:271,id:291
id:304,id:84
id:20,id:214
id:172,id:56
id:331,id:265
id:122,id:345
id:332,id:26
id:92,id:254
id:48,id:332
id:273,id:275
id:273,id:306
id:13,id:265
id:252,id:212
id:345,id:45
id:9,id:141
id:254,id:94
id:122,id:113
id:320,id:139
id:213,id:285
id:139,id:184
id:271,id:103
id:211,id:304
id:278,id:131
id:128,id:211
id:214,id:230
id:46,id:278
id:56,id:325
id:239,id:59
id:249,id:92
id:252,id:261
id:236,id:314
id:199,id:322
id:157,id:155
id:167,id:243
id:26,id:313
id:329,id:324
id:82,id:29
id:98,id:62
id:56,id:109
id:122,id:297
id:339,id:260
id:78,id:181
id:141,id:56
id:72,id:199
id:291,id:98
id:31,id:142
id:82,id:119
id:322,id:304
id:252,id:324
id:186,id:98
id:239,id:280
id:172,id:325
id:123,id:239
id:252,id:280
id:1,id:346
id:271,id:223
id:122,id:156
id:25,id:67
id:48,id:271
id:31,id:280
id:23,id:230
id:26,id:257
id:322,id:40
id:130,id:346
id:312,id:140
id:208,id:277
id:223,id:265
id:159,id:21
id:116,id:2
id:238,id:13
id:39,id:161
id:227,id:99
id:136,id:246
id:38,id:178
id:109,id:31
id:225,id:278
id:318,id:62
id:25,id:103
id:7,id:291
id:291,id:26
id:161,id:67
id:141,id:236
id:248,id:128
id:21,id:325
id:197,id:309
id:231,id:82
id:169,id:67
id:72,id:25
id:310,id:243
id:22,id:324
id:223,id:128
id:272,id:320
id:67,id:31
id:2,id:115
id:55,id:252
id:105,id:280
id:77,id:294
id:132,id:56
id:84,id:313
id:171,id:64
id:308,id:203
id:79,id:119
id:40,id:257
id:142,id:186
id:143,id:35
id:105,id:119
id:200,id:232
id:276,id:239
id:332,id:323
id:101,id:317
id:68,id:99
id:176,id:85
id:128,id:169
id:222,id:82
id:142,id:280
id:200,id:274
id:219,id:89
id:252,id:277
id:324,id:277
id:261,id:265
id:62,id:141
id:161,id:213
id:122,id:62
id:172,id:40
id:257,id:258
id:303,id:178
id:322,id:341
id:93,id:32
id:203,id:134
id:104,id:55
id:343,id:226
id:342,id:322
id:322,id:185
id:342,id:238
id:303,id:30
id:25,id:221
id:134,id:9
id:203,id:113
id:323,id:277
id:22,id:185
id:53,id:315
id:232,id:25
id:113,id:252
id:41,id:44
id:23,id:237
id:142,id:315
id:75,id:322
id:236,id:252
id:323,id:297
id:338,id:239
id:331,id:172
id:200,id:248
id:17,id:312
id:339,id:322
id:13,id:26
id:101,id:92
id:41,id:337
id:67,id:66
id:13,id:304
id:271,id:318
id:54,id:48
id:17,id:137
id:104,id:98
id:243,id:310
id:67,id:315
id:134,id:142
id:50,id:109
id:31,id:7
id:239,id:272
id:26,id:280
id:75,id:85
id:236,id:67
id:188,id:271
id:56,id:331
id:277,id:239
id:156,id:258
id:188,id:176
id:146,id:119
id:92,id:330
id:261,id:119
id:219,id:147
id:213,id:242
id:7,id:340
id:163,id:249
id:51,id:84
id:155,id:23
id:299,id:80
id:104,id:109
id:82,id:123
id:326,id:312
id:277,id:142
id:85,id:258
id:261,id:285
id:197,id:281
id:271,id:323
id:248,id:265
id:133,id:224
id:309,id:251
id:109,id:98
id:158,id:109
id:88,id:242
id:26,id:119
id:271,id:48
id:24,id:242
id:122,id:104
id:119,id:342
id:226,id:333
id:100,id:189
id:332,id:77
id:332,id:224
id:298,id:172
id:280,id:169
id:225,id:143
id:272,id:72
id:142,id:200
id:242,id:330
id:9,id:75
id:106,id:332
id:229,id:190
id:88,id:236
id:66,id:252
id:232,id:239
id:115,id:214
id:320,id:346
id:224,id:30
id:32,id:137
id:243,id:137
id:25,id:236
id:252,id:55
id:170,id:334
id:329,id:30
id:181,id:273
id:56,id:232
id:2,id:116
id:322,id:303
id:223,id:56
id:332,id:40
id:101,id:24
id:79,id:272
id:266,id:92
id:35,id:143
id:199,id:288
id:246,id:304
id:172,id:159
id:222,id:240
id:149,id:333
id:346,id:180
id:221,id:45
id:308,id:329
id:334,id:142
id:10,id:277
id:60,id:56
id:170,id:211
id:315,id:277
id:336,id:88
id:204,id:302
id:9,id:30
id:21,id:297
id:13,id:109
id:62,id:26
id:48,id:299
id:278,id:99
id:320,id:309
id:132,id:72
id:238,id:324
id:104,id:271
id:196,id:180
id:133,id:322
id:163,id:100
id:53,id:194
id:316,id:5
id:249,id:80
id:322,id:213
id:96,id:314
id:119,id:146
id:280,id:277
id:82,id:238
id:32,id:337
id:315,id:87
id:7,id:339
id:149,id:144
id:122,id:315
id:166,id:173
id:39,id:200
id:260,id:53
id:136,id:285
id:213,id:136
id:223,id:21
id:280,id:322
id:175,id:102
id:291,id:113
id:220,id:312
id:223,id:252
id:203,id:322
id:328,id:181
id:277,id:113
id:277,id:9
id:5,id:158
id:312,id:19
id:98,id:56
id:232,id:72
id:200,id:203
id:213,id:340
id:346,id:330
id:261,id:59
id:325,id:238
id:242,id:346
id:38,id:322
id:280,id:3
id:276,id:56
id:142,id:252
id:65,id:7
id:26,id:172
id:271,id:342
id:339,id:65
id:333,id:20
id:308,id:304
id:185,id:79
id:324,id:200
id:150,id:324
id:199,id:223
id:31,id:67
id:199,id:62
id:53,id:94
id:339,id:315
id:41,id:310
id:29,id:106
id:236,id:1
id:347,id:7
id:252,id:297
id:79,id:9
id:232,id:172
id:56,id:265
id:122,id:322
id:172,id:128
id:159,id:284
id:44,id:41
id:331,id:332
id:133,id:315
id:285,id:67
id:278,id:177
id:258,id:272
id:265,id:118
id:285,id:272
id:170,id:223
id:95,id:327
id:324,id:297
id:200,id:236
id:314,id:261
id:285,id:113
id:268,id:170
id:118,id:16
id:337,id:137
id:251,id:122
id:297,id:122
id:258,id:323
id:137,id:326
id:22,id:308
id:3,id:9
id:148,id:13
id:53,id:248
id:21,id:109
id:261,id:342
id:229,id:148
id:169,id:25
id:26,id:285
id:10,id:200
id:290,id:277
id:134,id:334
id:1,id:73
id:276,id:224
id:312,id:151
id:107,id:171
id:41,id:343
id:26,id:223
id:144,id:115
id:59,id:172
id:214,id:111
id:170,id:188
id:21,id:252
id:277,id:248
id:158,id:248
id:175,id:23
id:330,id:302
id:200,id:103
id:72,id:212
id:277,id:172
id:103,id:211
id:188,id:272
id:285,id:25
id:7,id:87
id:345,id:142
id:98,id:342
id:9,id:272
id:291,id:231
id:291,id:168
id:224,id:315
id:223,id:313
id:339,id:291
id:213,id:80
id:242,id:94
id:314,id:109
id:87,id:5
id:331,id:50
id:119,id:132
id:58,id:171
id:111,id:93
id:113,id:40
id:218,id:4
id:14,id:214
id:72,id:329
id:172,id:223
id:213,id:130
id:300,id:80
id:142,id:236
id:277,id:342
id:124,id:157
id:109,id:332
id:342,id:252
id:272,id:184
id:14,id:326
id:140,id:144
id:271,id:82
id:297,id:236
id:343,id:312
id:142,id:169
id:48,id:199
id:271,id:109
id:200,id:21
id:239,id:72
id:321,id:143
id:56,id:118
id:104,id:212
id:26,id:295
id:98,id:238
id:184,id:284
id:41,id:111
id:213,id:178
id:64,id:100
id:119,id:79
id:204,id:194
id:144,id:149
id:299,id:302
id:231,id:280
id:62,id:224
id:239,id:271
id:259,id:245
id:332,id:142
id:40,id:113
id:236,id:26
id:131,id:225
id:320,id:281
id:212,id:104
id:208,id:285
id:146,id:53
id:151,id:28
id:277,id:290
id:82,id:252
id:203,id:128
id:67,id:40
id:26,id:134
id:119,id:203
id:251,id:309
id:339,id:146
id:334,id:170
id:340,id:246
id:98,id:199
id:31,id:21
id:323,id:315
id:53,id:302
id:98,id:313
id:25,id:288
id:203,id:304
id:123,id:55
id:200,id:322
id:261,id:62
id:56,id:213
id:304,id:188
id:19,id:319
id:211,id:313
id:203,id:48
id:193,id:91
id:127,id:184
id:9,id:161
id:306,id:273
id:56,id:82
id:25,id:325
id:65,id:252
id:329,id:204
id:2,id:326
id:319,id:19
id:323,id:200
id:29,id:82
id:271,id:238
id:24,id:92
id:113,id:122
id:23,id:155
id:9,id:297
id:206,id:260
id:109,id:277
id:280,id:153
id:275,id:152
id:296,id:68
id:101,id:180
id:291,id:277
id:272,id:188
id:227,id:19
id:259,id:91
id:238,id:271
id:117,id:77
id:333,id:162
id:334,id:229
id:208,id:332
id:224,id:188
id:104,id:277
id:315,id:5
id:122,id:9
id:119,id:105
id:113,id:285
id:14,id:41
id:9,id:133
id:252,id:161
id:315,id:169
id:41,id:312
id:323,id:10
id:9,id:185
id:303,id:88
id:203,id:324
id:260,id:206
id:109,id:239
id:23,id:124
id:119,id:200
id:322,id:342
id:269,id:329
id:277,id:31
id:78,id:195
id:211,id:271
id:194,id:1
id:306,id:218
id:238,id:172
id:98,id:123
id:342,id:223
id:40,id:322
id:306,id:328
id:230,id:97
id:67,id:118
id:342,id:122
id:265,id:172
id:73,id:88
id:199,id:48
id:263,id:99
id:104,id:239
id:178,id:186
id:180,id:53
id:26,id:109
id:345,id:322
id:347,id:22
id:271,id:212
id:231,id:77
id:26,id:72
id:187,id:194
id:332,id:277
id:183,id:133
id:135,id:127
id:171,id:217
id:313,id:223
id:162,id:333
id:122,id:66
id:96,id:323
id:188,id:258
id:330,id:346
id:309,id:36
id:280,id:9
id:195,id:78
id:7,id:246
id:25,id:98
id:248,id:236
id:76,id:25
id:119,id:25
id:265,id:261
id:315,id:122
id:32,id:93
id:283,id:25
id:260,id:322
id:231,id:291
id:332,id:53
id:179,id:90
id:239,id:118
id:236,id:25
id:36,id:127
id:158,id:332
id:285,id:26
id:5,id:235
id:134,id:238
id:323,id:21
id:303,id:186
id:175,id:143
id:343,id:214
id:252,id:304
id:72,id:132
id:122,id:98
id:317,id:53
id:315,id:252
id:205,id:192
id:313,id:84
id:308,id:67
id:203,id:199
id:312,id:41
id:113,id:188
id:1,id:236
id:272,id:280
id:346,id:254
id:238,id:106
id:277,id:323
id:283,id:118
id:272,id:329
id:271,id:268
id:80,id:94
id:192,id:115
id:21,id:315
id:196,id:285
id:272,id:291
id:217,id:150
id:92,id:302
id:334,id:128
id:31,id:25
id:161,id:203
id:105,id:25
id:236,id:133
id:86,id:175
id:67,id:161
id:16,id:331
id:277,id:168
id:14,id:343
id:312,id:2
id:26,id:169
id:121,id:315
id:91,id:264
id:175,id:177
id:119,id:21
id:141,id:9
id:31,id:122
id:322,id:297
id:280,id:119
id:295,id:156
id:334,id:56
id:318,id:334
id:203,id:55
id:188,id:322
id:27,id:324
id:69,id:236
id:337,id:167
id:25,id:257
id:334,id:123
id:25,id:203
id:318,id:104
id:80,id:242
id:315,id:53
id:29,id:247
id:82,id:211
id:280,id:117
id:188,id:200
id:273,id:195
id:231,id:329
id:224,id:304
id:119,id:148
id:277,id:118
id:122,id:45
id:322,id:236
id:86,id:177
id:332,id:304
id:21,id:200
id:203,id:277
id:323,id:75
id:280,id:329
id:199,id:232
id:40,id:26
id:142,id:3
id:89,id:19
id:17,id:144
id:21,id:66
id:172,id:298
id:2,id:343
id:276,id:141
id:311,id:344
id:239,id:304
id:214,id:312
id:25,id:113
id:325,id:261
id:297,id:109
id:119,id:56
id:236,id:200
id:344,id:122
id:31,id:304
id:200,id:185
id:19,id:227
id:200,id:186
id:13,id:59
id:254,id:242
id:180,id:346
id:98,id:276
id:213,id:303
id:258,id:75
id:272,id:178
id:83,id:51
id:280,id:31
id:9,id:200
id:277,id:322
id:240,id:222
id:170,id:186
id:66,id:304
id:315,id:94
id:111,id:326
id:288,id:199
id:318,id:82
id:56,id:261
id:214,id:343
id:40,id:325
id:315,id:199
id:272,id:197
id:275,id:328
id:332,id:106
id:280,id:232
id:62,id:130
id:121,id:82
id:187,id:249
id:223,id:26
id:118,id:98
id:242,id:213
id:298,id:26
id:213,id:239
id:284,id:122
id:158,id:5
id:7,id:304
id:80,id:315
id:48,id:322
id:39,id:25
id:20,id:14
id:156,id:85
id:319,id:95
id:238,id:313
id:142,id:10
id:30,id:304
id:3,id:274
id:23,id:144
id:334,id:318
id:132,id:317
id:123,id:261
id:40,id:132
id:212,id:271
id:223,id:325
id:25,id:73
id:40,id:172
id:24,id:80
id:322,id:169
id:91,id:201
id:304,id:136
id:62,id:56
id:31,id:84
id:46,id:143
id:141,id:323
id:239,id:231
id:232,id:322
id:188,id:341
id:141,id:258
id:248,id:291
id:170,id:277
id:40,id:67
id:319,id:327
id:315,id:21
id:224,id:324
id:211,id:170
id:277,id:122
id:272,id:141
id:170,id:55
id:303,id:239
id:213,id:7
id:1,id:322
id:27,id:329
id:7,id:308
id:56,id:134
id:137,id:310
id:272,id:79
id:38,id:339
id:185,id:148
id:128,id:315
id:25,id:130
id:315,id:188
id:194,id:299
id:55,id:123
id:7,id:129
id:66,id:26
id:345,id:178
id:197,id:159
id:312,id:116
id:170,id:85
id:345,id:213
id:252,id:334
id:323,id:109
id:94,id:302
id:272,id:257
id:21,id:232
id:16,id:172
id:9,id:21
id:56,id:323
id:216,id:243
id:308,id:161
id:274,id:85
id:277,id:104
id:72,id:239
id:190,id:229
id:322,id:7
id:26,id:67
id:123,id:122
id:300,id:320
id:133,id:9
id:75,id:258
id:21,id:108
id:149,id:312
id:203,id:122
id:213,id:231
id:194,id:302
id:180,id:92
id:128,id:119
id:224,id:62
id:96,id:62
id:311,id:248
id:242,id:302
id:249,id:204
id:265,id:211
id:169,id:248
id:313,id:339
id:69,id:121
id:158,id:317
id:278,id:143
id:130,id:277
id:199,id:161
id:21,id:161
id:238,id:325
id:9,id:285
id:187,id:180
id:342,id:325
id:57,id:302
id:9,id:291
id:177,id:46
id:88,id:53
id:261,id:252
id:98,id:211
id:320,id:284
id:25,id:237
id:67,id:199
id:218,id:306
id:298,id:212
id:172,id:59
id:309,id:284
id:80,id:204
id:280,id:133
id:59,id:13
id:169,id:82
id:152,id:339
id:167,id:310
id:262,id:312
id:322,id:133
id:277,id:169
id:239,id:285
id:119,id:67
id:277,id:13
id:56,id:285
id:111,id:44
id:67,id:342
id:145,id:179
id:227,id:175
id:188,id:185
id:21,id:345
id:239,id:303
id:77,id:231
id:315,id:40
id:133,id:1
id:69,id:39
id:237,id:83
id:56,id:98
id:65,id:13
id:323,id:186
id:116,id:162
id:178,id:272
id:26,id:113
id:144,id:140
id:139,id:159
id:188,id:334
id:275,id:306
id:278,id:227
id:29,id:211
id:339,id:7
id:9,id:122
id:297,id:271
id:261,id:199
id:265,id:248
id:277,id:56
id:86,id:227
id:82,id:222
id:65,id:203
id:128,id:223
id:231,id:56
id:271,id:280
id:25,id:26
id:133,id:232
id:277,id:40
id:280,id:185
id:67,id:156
id:148,id:98
id:274,id:170
id:38,id:7
id:188,id:79
id:214,id:140
id:325,id:82
id:276,id:322
id:326,id:2
id:116,id:17
id:65,id:339
id:39,id:69
id:346,id:299
id:26,id:224
id:104,id:332
id:187,id:5
id:322,id:200
id:271,id:122
id:339,id:347
id:324,id:340
id:141,id:272
id:251,id:139
id:128,id:67
id:185,id:188
id:177,id:143
id:60,id:158
id:280,id:39
id:324,id:203
id:80,id:101
id:186,id:272
id:261,id:318
id:26,id:325
id:93,id:41
id:219,id:6
id:118,id:222
id:323,id:25
id:238,id:252
id:339,id:103
id:25,id:79
id:187,id:242
id:113,id:158
id:266,id:180
id:48,id:302
id:318,id:271
id:184,id:309
id:113,id:56
id:45,id:322
id:109,id:297
id:56,id:207
id:341,id:323
id:119,id:27
id:78,id:4
id:323,id:274
id:325,id:203
id:281,id:139
id:329,id:231
id:271,id:72
id:63,id:261
id:346,id:94
id:26,id:322
id:121,id:113
id:172,id:268
id:201,id:8
id:177,id:86
id:21,id:304
id:87,id:7
id:254,id:196
id:48,id:1
id:67,id:98
id:57,id:320
id:78,id:328
id:224,id:40
id:83,id:237
id:118,id:238
id:257,id:130
id:313,id:128
id:276,id:84
id:119,id:339
id:156,id:9
id:67,id:261
id:104,id:295
id:200,id:10
id:306,id:195
id:169,id:322
id:56,id:13
id:263,id:227
id:268,id:261
id:149,id:116
id:170,id:341
id:175,id:227
id:169,id:103
id:121,id:39
id:140,id:115
id:295,id:258
id:325,id:311
id:144,id:312
id:66,id:113
id:277,id:21
id:332,id:21
id:142,id:67
id:113,id:186
id:102,id:175
id:332,id:285
id:67,id:158
id:329,id:172
id:21,id:39
id:118,id:313
id:265,id:13
id:187,id:299
id:119,id:98
id:277,id:134
id:22,id:347
id:313,id:67
id:186,id:113
id:199,id:211
id:82,id:84
id:277,id:203
id:141,id:133
id:56,id:63
id:119,id:329
id:258,id:156
id:284,id:309
id:271,id:313
id:257,id:322
id:230,id:41
id:197,id:184
id:19,id:41
id:257,id:141
id:99,id:225
id:213,id:5
id:346,id:266
id:116,id:115
id:6,id:95
id:88,id:130
id:108,id:251
id:222,id:186
id:189,id:171
id:212,id:21
id:308,id:252
id:101,id:242
id:128,id:199
id:67,id:79
id:170,id:9
id:21,id:186
id:337,id:243
id:298,id:232
id:168,id:277
id:342,id:9
id:22,id:158
id:272,id:105
id:258,id:98
id:200,id:119
id:82,id:16
id:173,id:166
id:109,id:323
id:151,id:14
id:143,id:99
id:199,id:141
id:170,id:98
id:1,id:54
id:39,id:277
id:280,id:40
id:221,id:186
id:334,id:134
id:277,id:130
id:136,id:315
id:315,id:7
id:304,id:236
id:5,id:169
id:20,id:343
id:67,id:334
id:105,id:148
id:25,id:322
id:9,id:295
id:122,id:276
id:306,id:181
id:264,id:110
id:158,id:322
id:252,id:238
id:53,id:88
id:188,id:122
id:259,id:264
id:254,id:92
id:128,id:56
id:213,id:67
id:304,id:118
id:213,id:236
id:7,id:315
id:213,id:291
id:136,id:324
id:184,id:197
id:39,id:313
id:10,id:67
id:331,id:73
id:184,id:251
id:124,id:23
id:271,id:161
id:21,id:25
id:186,id:223
id:258,id:291
id:169,id:109
id:326,id:115
id:78,id:275
id:38,id:332
id:82,id:318
id:128,id:203
id:325,id:271
id:252,id:313
id:315,id:304
id:40,id:56
id:329,id:284
id:94,id:101
id:200,id:332
id:261,id:55
id:247,id:120
id:203,id:271
id:302,id:92
id:266,id:346
id:25,id:83
id:200,id:40
id:329,id:40
id:197,id:135
id:253,id:230
id:150,id:217
id:150,id:119
id:323,id:308
id:236,id:318
id:136,id:103
id:140,id:116
id:332,id:280
id:85,id:272
id:280,id:200
id:249,id:163
id:168,id:339
id:9,id:232
id:181,id:4
id:285,id:239
id:9,id:25
id:26,id:104
id:180,id:249
id:217,id:100
id:180,id:302
id:17,id:214
id:220,id:262
id:327,id:319
id:104,id:252
id:169,id:165
id:271,id:186
id:185,id:170
id:137,id:337
id:291,id:9
id:242,id:187
id:180,id:299
id:199,id:342
id:306,id:4
id:123,id:21
id:242,id:88
id:169,id:10
id:271,id:85
id:322,id:221
id:191,id:53
id:290,id:271
id:272,id:252
id:315,id:224
id:193,id:8
id:56,id:25
id:343,id:14
id:158,id:291
id:212,id:298
id:56,id:315
id:329,id:72
id:325,id:313
id:317,id:146
id:251,id:127
id:194,id:53
id:302,id:101
id:294,id:77
id:328,id:273
id:19,id:89
id:346,id:187
id:122,id:213
id:122,id:119
id:308,id:322
id:337,id:310
id:315,id:142
id:87,id:22
id:211,id:265
id:134,id:199
id:122,id:109
id:134,id:248
id:186,id:122
id:266,id:94
id:85,id:9
id:188,id:280
id:291,id:329
id:326,id:144
id:225,id:68
id:285,id:252
id:13,id:119
id:343,id:162
id:313,id:238
id:323,id:248
id:50,id:148
id:200,id:223
id:48,id:53
id:122,id:232
id:142,id:26
id:271,id:200
id:231,id:239
id:3,id:323
id:92,id:53
id:323,id:100
id:72,id:298
id:323,id:67
id:107,id:58
id:127,id:159
id:13,id:211
id:290,id:67
id:79,id:200
id:26,id:186
id:57,id:204
id:295,id:257
id:82,id:203
id:39,id:280
id:281,id:184
id:118,id:59
id:56,id:172
id:93,id:111
id:178,id:329
id:213,id:308
id:272,id:56
id:82,id:268
id:250,id:322
id:223,id:211
id:17,id:115
id:129,id:347
id:40,id:25
id:39,id:119
id:14,id:310
id:176,id:148
id:273,id:4
id:203,id:40
id:148,id:261
id:48,id:30
id:41,id:93
id:252,id:188
id:142,id:45
id:281,id:309
id:115,id:149
id:56,id:341
id:79,id:185
id:133,id:276
id:232,id:122
id:113,id:334
id:127,id:346
id:13,id:199
id:62,id:133
id:277,id:204
id:211,id:268
id:326,id:137
id:239,id:104
id:8,id:193
id:175,id:296
id:45,id:303
id:80,id:180
id:261,id:172
id:56,id:223
id:246,id:136
id:188,id:223
id:238,id:98
id:239,id:98
id:200,id:72
id:271,id:98
id:148,id:271
id:260,id:339
id:118,id:265
id:203,id:98
id:347,id:339
id:158,id:168
id:9,id:341
id:188,id:156
id:122,id:67
id:304,id:341
id:188,id:85
id:231,id:199
id:271,id:67
id:176,id:119
id:26,id:25
id:53,id:92
id:330,id:254
id:232,id:291
id:14,id:115
id:299,id:300
id:70,id:230
id:272,id:67
id:170,id:75
id:25,id:170
id:326,id:111
id:24,id:57
id:302,id:180
id:170,id:323
id:223,id:62
id:254,id:266
id:123,id:252
id:10,id:323
id:271,id:118
id:257,id:304
id:326,id:140
id:274,id:200
id:92,id:101
id:271,id:298
id:148,id:185
id:280,id:323
id:26,id:323
id:291,id:271
id:250,id:170
id:55,id:104
id:326,id:14
id:308,id:66
id:184,id:272
id:116,id:326
id:156,id:235
id:92,id:249
id:325,id:118
id:9,id:69
id:13,id:332
id:116,id:28
id:21,id:284
id:200,id:62
id:238,id:118
id:186,id:331
id:331,id:82
id:41,id:19
id:13,id:65
id:332,id:170
id:199,id:271
id:9,id:271
id:186,id:271
id:252,id:239
id:284,id:127
id:122,id:281
id:169,id:106
id:132,id:113
id:159,id:197
id:249,id:53
id:112,id:174
id:199,id:13
id:252,id:342
id:92,id:57
id:239,id:186
id:4,id:78
id:188,id:186
id:246,id:87
id:208,id:119
id:23,id:267
id:64,id:150
id:5,id:156
id:163,id:150
id:227,id:131
id:304,id:315
id:221,id:25
id:200,id:252
id:56,id:271
id:310,id:14
id:242,id:92
id:80,id:88
id:53,id:1
id:40,id:298
id:235,id:156
id:16,id:332
id:63,id:342
id:186,id:88
id:173,id:202
id:165,id:188
id:165,id:21
id:42,id:33
id:310,id:28
id:312,id:226
id:50,id:334
id:66,id:334
id:271,id:104
id:330,id:101
id:211,id:315
id:72,id:271
id:285,id:203
id:152,id:181
id:59,id:238
id:193,id:61
id:260,id:170
id:94,id:194
id:94,id:330
id:21,id:67
id:285,id:322
id:229,id:119
id:161,id:325
id:185,id:272
id:136,id:67
id:89,id:219
id:225,id:131
id:236,id:248
id:84,id:31
id:98,id:103
id:334,id:200
id:149,id:28
id:69,id:105
id:342,id:123
id:265,id:271
id:199,id:72
id:175,id:263
id:252,id:118
id:195,id:328
id:334,id:66
id:48,id:130
id:312,id:144
id:164,id:285
id:39,id:257
id:132,id:242
id:239,id:40
id:230,id:214
id:80,id:330
id:149,id:14
id:126,id:1
id:21,id:313
id:113,id:199
id:272,id:85
id:257,id:105
id:66,id:134
id:271,id:63
id:274,id:185
id:172,id:203
id:313,id:119
id:119,id:1
id:203,id:341
id:119,id:248
id:8,id:110
id:324,id:27
id:98,id:200
id:323,id:188
id:232,id:271
id:4,id:181
id:21,id:127
id:304,id:285
id:158,id:232
id:211,id:172
id:204,id:180
id:45,id:132
id:98,id:13
id:142,id:203
id:304,id:246
id:269,id:100
id:25,id:65
id:55,id:185
id:213,id:56
id:332,id:213
id:285,id:332
id:142,id:188
id:324,id:224
id:202,id:173
id:48,id:126
id:187,id:266
id:9,id:3
id:113,id:169
id:246,id:285
id:303,id:213
id:142,id:239
id:251,id:184
id:53,id:242
id:172,id:231
id:188,id:13
id:203,id:338
id:111,id:137
id:214,id:19
id:41,id:326
id:113,id:134
id:98,id:304
id:10,id:332
id:184,id:108
id:343,id:20
id:170,id:239
id:147,id:89
id:141,id:25
id:236,id:84
id:34,id:173
id:9,id:231
id:67,id:82
id:148,id:224
id:320,id:197
id:26,id:142
id:241,id:49
id:170,id:119
id:87,id:291
id:199,id:200
id:320,id:80
id:143,id:321
id:217,id:189
id:303,id:67
id:9,id:188
id:122,id:239
id:302,id:299
id:118,id:203
id:62,id:186
id:170,id:62
id:119,id:324
id:137,id:140
id:281,id:135
id:239,id:265
id:200,id:45
id:66,id:122
id:323,id:26
id:203,id:270
id:222,id:211
id:98,id:239
id:239,id:142
id:98,id:109
id:188,id:208
id:67,id:224
id:119,id:318
id:119,id:261
id:59,id:118
id:67,id:122
id:302,id:48
id:206,id:121
id:263,id:68
id:26,id:66
id:236,id:30
id:324,id:67
id:170,id:122
id:88,id:178
id:56,id:113
id:137,id:243
id:25,id:246
id:41,id:20
id:199,id:26
id:254,id:180
id:40,id:258
id:119,id:189
id:304,id:31
id:186,id:25
id:140,id:28
id:98,id:277
id:26,id:56
id:176,id:122
id:317,id:40
id:134,id:277
id:298,id:199
id:281,id:122
id:265,id:252
id:51,id:31
id:285,id:188
id:265,id:26
id:280,id:297
id:63,id:271
id:271,id:314
id:322,id:67
id:297,id:25
id:26,id:248
id:304,id:13
id:181,id:218
id:68,id:296
id:45,id:345
id:89,id:147
id:66,id:308
id:315,id:1
id:185,id:26
id:181,id:306
id:271,id:56
id:105,id:315
id:270,id:25
id:261,id:56
id:158,id:60
id:231,id:25
id:176,id:188
id:246,id:25
id:122,id:136
id:248,id:134
id:331,id:25
id:25,id:332
id:97,id:182
id:201,id:259
id:60,id:313
id:156,id:272
id:268,id:172
id:122,id:251
id:172,id:313
id:342,id:285
id:299,id:1
id:92,id:80
id:343,id:144
id:339,id:158
id:56,id:142
id:109,id:325
id:252,id:170
id:177,id:68
id:265,id:313
id:219,id:154
id:169,id:252
id:24,id:249
id:199,id:313
id:322,id:224
id:128,id:98
id:200,id:142
id:30,id:178
id:13,id:325
id:170,id:252
id:322,id:271
id:88,id:25
id:127,id:197
id:26,id:212
id:62,id:96
id:171,id:58
id:326,id:20
id:85,id:75
id:98,id:332
id:291,id:339
